theta_base_deg,total_thickness_m,aspect_ratio,a_m,D11_Nm,D12_Nm,D22_Nm,D66_Nm,critical_load_clean_N_per_m,critical_load_N_per_m
6.417059600004245,0.016483985124826753,3.235552130376313,1.6177760651881565,49370.702529964736,1674.5923816348798,9157.748957859454,4984.675976922914,4890369.037985807,4890369.037985807
39.70672039372371,0.017048358714740426,2.829669721943941,1.4148348609719705,22146.62346955498,14042.71236213293,18221.316150999246,54275.04191556058,15548579.826409178,15548579.826409178
24.218313932540532,0.018930875120602993,3.910530804792709,1.9552654023963545,54555.41789854115,11829.18063320345,15512.018490865903,44720.99805776003,17501712.51259677,17501712.51259677
13.088109510298125,0.019762349276478033,3.901617950774495,1.9508089753872475,78969.2595670321,5893.704611723586,15869.249714258614,20621.826706517626,13463480.342082314,13463480.342082314
9.299840394515925,0.01976185554211613,2.7882626521980005,1.3941313260990003,82895.4027325253,3970.2515791826227,15782.021119943745,12928.235899797664,7619805.453099592,7619805.453099592
9.199848593177485,0.015656680753648712,1.6125588663796875,0.8062794331898437,41267.25916117262,1952.7642307852725,7847.998421208281,6342.652754138671,2587950.887653425,2587950.887653425
42.78719434374585,0.0021056858359534453,3.2767617116473473,1.6383808558236737,35.88708387144371,27.156023931086207,38.7824803785391,105.05196579037627,35304.60986853466,35304.60986853466
27.800568315765048,0.006089397101642326,3.4092525622888856,1.7046262811444428,1627.3781901986408,467.00347129048396,558.0069233546698,1781.6227046127904,579789.0221765785,579789.0221765785
35.459104260920306,0.009334553241500912,2.5205337942207997,1.2602668971103999,4397.305976231342,2145.4938551047285,2548.119084913011,8270.784346329392,2141890.0499920263,2141890.0499920263
12.28130380520204,0.005848963563317823,1.5100313130481435,0.7550156565240718,2071.4821591043856,141.08972747158833,410.6297755007049,487.80219876205206,160999.75021291277,160999.75021291277
41.73870959919545,0.016863166760104218,2.320967712500386,1.160483856250193,19425.101189585275,13858.295373630743,19105.042894562925,53598.486295387236,13763491.665791431,13763491.665791431
18.227238632515157,0.010530768179878297,1.2854596865470354,0.6427298432735177,10889.798966609698,1388.2772361375723,2467.095940319294,5106.295041995643,1337080.5585858556,1337080.5585858556
19.305702604749797,0.009486580214959826,2.6695050204624042,1.3347525102312021,7776.448916229921,1098.206028378399,1821.5463775982194,4066.1794479638374,1284358.326784321,1284358.326784321
33.38650070151429,0.010964340835680828,2.5018967301091917,1.2509483650545958,7758.1133976222645,3304.8381852069615,3841.56913046689,12715.04677864807,3267057.499881968,3267057.499881968
31.099183106367423,0.007753510584355957,3.241891294660568,1.620945647330284,2994.719271911167,1091.1356020252356,1262.3624073984065,4186.205319477523,1282230.8717344129,1282230.8717344129
42.22365619824375,0.015614607640044983,1.2120597266504296,0.6060298633252148,15054.285624789864,11038.52597797969,15463.158800581996,42697.505782858425,8915458.063707998,8915458.063707998
27.09435594529246,0.009724694401154404,1.5031992634789315,0.7515996317394658,6781.328781962082,1844.8336096147154,2234.012523305578,7027.470785039655,1573161.7031238233,1573161.7031238233
23.947912912551086,0.004806007285758432,3.098668671683916,1.549334335841958,899.4777249873955,190.75709974666054,252.56657676871532,720.556684312758,228283.949272175,228283.949272175
30.36451309269889,0.007935946640079815,3.637844136020955,1.8189220680104774,3298.22782065045,1141.1211532070233,1324.2056528960102,4373.260463633105,1482372.261632805,1482372.261632805
41.15769143351805,0.012419314288904361,1.5050791185177599,0.7525395592588799,7984.572253295506,5510.280732060905,7457.918047769291,21308.231954045023,4606042.684560849,4606042.684560849
15.690589631558165,0.01527351152083826,2.7254733980375474,1.3627366990187737,34917.530634375544,3452.663713387396,7399.652836467416,12447.443449046565,4593784.066504217,4593784.066504217
16.5680073210979,0.005224034019497149,2.8458637399959423,1.4229318699979712,1374.5272592849435,148.7257878375132,297.562331423121,540.3569502178884,198913.4242266392,198913.4242266392
9.625202892880107,0.017948648443782633,3.635623642517838,1.817811821258919,61889.00395748317,3082.7245143389737,11826.332537718989,10118.609495861907,8197289.351492879,8197289.351492879
35.878352709035255,0.011790555912432938,2.4165284399395714,1.2082642199697857,8704.96427176608,4362.662530107467,5213.542435433391,16823.531975823375,4261899.743536531,4261899.743536531
9.825828475871933,0.014518602576141841,3.5414460054887726,1.7707230027443863,32683.110424667997,1667.7131284486447,6260.153596870031,5499.949370009544,4202674.695408923,4202674.695408923
44.192843333317505,0.015138095381674382,1.7711363789486807,0.8855681894743404,12407.18264189003,10138.22170046365,15241.226489084864,39225.61388669381,9038373.518403,9038373.518403
41.16964608848502,0.017774950462187973,2.337761891738098,1.168880945869049,23395.384180156805,16156.630797045931,21875.372746161138,62477.84330726131,16030497.743438695,16030497.743438695
37.04252362975694,0.015141396885596495,2.836715634182909,1.4183578170914546,17525.91669683514,9451.918899229413,11526.461017470941,36479.53408784706,10254631.495830843,10254631.495830843
33.1361076878674,0.01831768224722924,3.3638724460589184,1.6819362230294592,36536.161798369496,15305.07267860989,17763.652926622977,58868.71978014232,18567525.212138634,18567525.212138634
24.063732812231233,0.004595642476052229,2.1645435888418754,1.0822717944209377,783.9029226566527,167.83554921414228,221.2932113246954,634.2070432487577,160938.7447603237,160938.7447603237
33.57671933907312,0.007556312850643995,3.2676816432664797,1.6338408216332398,2520.2701203269567,1087.2997129439423,1265.550475174241,4184.1257500462325,1289379.1646724164,1289379.1646724164
8.013355891742787,0.005292668432470454,1.2967602707844907,0.6483801353922454,1612.8650024659569,66.12371687921552,303.08178575972204,207.7703796528947,96016.24681098574,96016.24681098574
30.005272195531017,0.013618613680717205,3.169046481337328,1.584523240668664,16883.42945800919,5693.750948164912,6622.668348449283,21808.629826936056,6585539.388698111,6585539.388698111
29.41955404494589,0.019628031474420715,1.982120577475598,0.991060288737799,51598.43030719982,16682.98099066502,19502.17167695394,63838.735281505564,14941572.350935288,14941572.350935288
19.559188555122685,0.00714516602821543,1.8661775335857402,0.9330887667928701,3303.747234453168,477.69886210589766,780.3155635238872,1771.2282071123986,462153.7353068212,462153.7353068212
23.376357263584648,0.008834114003445248,3.605216920362465,1.8026084601812324,5675.411375842178,1147.9402008841364,1553.0741292223458,4327.984657458582,1588243.9567518102,1588243.9567518102
26.73653252900662,0.004419776834998131,2.630530879158347,1.3152654395791734,643.8910887448649,170.43601870326495,207.983226908523,648.7111107988375,176387.5357770633,176387.5357770633
30.4045468541189,0.014717006814834524,2.7122221706746417,1.3561110853373208,21004.72640910597,7287.884032865013,8455.270608994831,27931.971016361473,7554482.630528542,7554482.630528542
11.843535768707927,0.007290817987089412,2.284237713036716,1.142118856518358,4036.4876296286047,261.4129886626997,794.655270944728,897.3744429877557,356578.46430513595,356578.46430513595
13.689809809721796,0.015212695582036815,2.8545328488061887,1.4272664244030944,35689.52219310322,2847.9722520420723,7251.400981219438,10044.896920819956,4316669.147707509,4316669.147707509
33.70886100351687,0.012407954647168063,2.796745709564733,1.3983728547823664,11099.926653121021,4830.997097871625,5628.582005123618,18593.106650488873,5111629.651217497,5111629.651217497
7.586072565680501,0.01198981616107201,1.3370558397548917,0.6685279198774459,18821.92833245438,732.9956398831646,3523.464766097692,2272.5291885121324,1081058.6203306902,1081058.6203306902
30.792385044449446,0.012744674512948972,3.064437780579505,1.5322188902897524,13450.44395570868,4796.411187343666,5554.579377940109,18393.630918651776,5399126.672245475,5399126.672245475
20.640322578320585,0.0036644370903356756,2.712769984647844,1.356384992323922,434.53690492832857,69.34908315364514,106.54571332376759,258.56988712908185,79592.74971095617,79592.74971095617
16.592084205116677,0.003709928759168084,1.9274330295020812,0.9637165147510406,492.0756782529811,53.373278656537934,106.591291438584,193.95677348127202,55704.70273723452,55704.70273723452
6.697041952884285,0.015332706973958984,2.985357228127533,1.4926786140637665,39648.769250977115,1389.4287592230057,7369.4192414119025,4178.591952867938,3538090.0130501227,3538090.0130501227
22.599445101502116,0.009585389793202335,1.5893692556366392,0.7946846278183196,7402.859950721249,1402.3857178217625,1959.1697096600135,5272.58480661377,1254415.4294810472,1254415.4294810472
14.830286246775804,0.016523122584124354,2.6709453371955134,1.3354726685977567,44882.05483612415,4053.352233238913,9330.667181065284,14487.480057012548,5484044.19725156,5484044.19725156
6.054711250588008,0.017888759615313478,2.303114584141248,1.151557292070624,63261.93304051788,2058.315907306207,11705.276784651709,6043.04633089357,4038800.1220628927,4038800.1220628927
34.00959868316997,0.014228115349544858,3.9739508558090746,1.9869754279045373,16534.739242654654,7341.067035344277,8574.525418006948,28262.25023204025,10429783.459466446,10429783.459466446
23.617014774219303,0.005019100574453497,1.9751141452029535,0.9875570726014767,1033.9845360640893,213.36999594760334,286.00140553604916,805.1046232153545,198494.43567378802,198494.43567378802
9.884316738050801,0.016039494549403684,1.4171685200107542,0.7085842600053771,44038.70894246169,2262.988440954323,8441.122496604596,7473.18489142669,2893736.804306534,2893736.804306534
23.87780959828259,0.006955932247792918,1.4045846264755992,0.7022923132377996,2732.4693264113075,576.1545927327235,764.7948340993817,2175.849007163743,503332.7593972938,503332.7593972938
19.09228301970634,0.01258238331952233,3.894717507533706,1.947358753766853,18230.77269532365,2523.6159293000546,4241.195697313928,9332.322840166962,4260208.195982434,4260208.195982434
42.96142988573707,0.013910605573354865,1.8522278332380546,0.9261139166190273,10255.60943644636,7835.8060585530475,11259.268068920594,30313.348963277123,7048557.235519038,7048557.235519038
23.597523251224946,0.019582885353869296,1.0962224242939678,0.5481112121469839,61446.92434575501,12659.514248900316,16981.42224872526,47764.78616211574,11366546.547318017,11366546.547318017
27.6450998387254,0.018718755945232063,2.91906431174086,1.45953215587043,47512.044936101986,13476.037154912425,16146.274851470549,51394.70486418977,14831575.412153384,14831575.412153384
37.05390442881759,0.014111491247965414,2.760267574331259,1.3801337871656294,14180.229969640115,7652.978380337832,9334.731678962773,29536.77294555086,8149775.962308761,8149775.962308761
14.409471757083685,0.004409317357984412,2.565737280177162,1.282868640088581,858.9857860231584,74.14852851990358,177.01557020708944,263.79511472213335,98666.7391702512,98666.7391702512
19.96173128568269,0.017415975060985973,3.7842137261079785,1.8921068630539892,47402.59039974474,7113.203502148392,11348.750302887865,26431.704233109835,11282166.105786748,11282166.105786748
35.636038110053256,0.004190406192164736,1.7117306092711875,0.8558653046355937,394.8375511340237,194.84280490793108,231.99570156702313,751.218854362147,166167.39588952748,166167.39588952748
23.917780763529688,0.019477716059295887,2.6146718709447665,1.3073359354723832,59926.34855290528,12677.43170827664,16803.607444250272,47882.50027530547,13443526.874189185,13443526.874189185
22.30876196410547,0.006556138700779425,1.1170274258085453,0.5585137129042727,2386.837776111772,441.0555200839141,624.1145432519714,1656.404167893016,402655.377133444,402655.377133444
18.267275783330632,0.017671477881299802,2.2085965801940888,1.1042982900970444,51415.12866152877,6579.951220166458,11661.9495202197,24208.431049187297,7004255.410151268,7004255.410151268
21.11938863690326,0.014124600632334339,2.1093072465955274,1.0546536232977637,24596.80464588536,4097.05646643722,6138.293694118278,15310.086132368007,4037584.381791959,4037584.381791959
44.39827465325404,0.01958223136153192,3.2589860264497013,1.6294930132248506,26570.75325376981,21952.05276974353,33262.12236760799,84935.22810414477,29191265.982229795,29191265.982229795
1.6081309590409942,0.00891623818205121,1.8993335973420984,0.9496667986710492,7986.852524234273,177.15866027471458,1451.295820665039,437.4335050757463,377158.3274903846,377158.3274903846
32.91243554412468,0.010346537152274281,3.753390368598668,1.876695184299334,6642.194636346369,2740.876366424282,3177.4867921499413,10539.734122593887,3666613.7419264703,3666613.7419264703
17.797940483164492,0.005655191095978439,2.9708720240829956,1.4854360120414978,1701.6438348386544,208.0820599888005,380.7471257213872,763.1310633289947,277217.0698508363,277217.0698508363
25.097567983103303,0.0053806421537738285,3.5784466881122508,1.7892233440561254,1221.2125420334676,284.29025708616314,362.24230144236213,1077.5606729596598,379498.3476144777,379498.3476144777
12.256344912866584,0.007851403110601167,1.265229804578837,0.6326149022894185,5012.3207283052725,340.4170113958133,993.1920801997969,1176.4904898538193,399040.9969783341,399040.9969783341
12.307556418583948,0.015791081943205006,1.2226388553329692,0.6113194276664846,40749.21867508413,2783.8050168789873,8081.146511252356,9628.674813127182,3293376.119274119,3293376.119274119
17.795818857229246,0.013071528460147622,1.1075408813944896,0.5537704406972448,21014.78260246288,2569.217645791042,4701.827645833481,9422.34387984522,2594805.3096735585,2594805.3096735585
41.422215722346124,0.018388759437836515,2.2446954198353524,1.1223477099176762,25584.927180710038,17926.482996168168,24464.32284433743,69326.88064390396,17429940.872037712,17429940.872037712
39.44922904353271,0.0186309476772819,1.5109370279755163,0.7554685139877582,29257.364180857614,18270.07152102645,23543.719593973867,70605.99176087651,15220054.900996594,15220054.900996594
43.54378732495215,0.012626409052131285,1.594424629363576,0.797212314681788,7444.8095730861205,5873.191175925336,8617.889127073442,22722.59561343083,5032455.147058799,5032455.147058799
8.07607499192454,0.0032544090486889285,1.5444586524159436,0.7722293262079718,374.74868952614406,15.48050903501403,70.46189254476135,48.734522054016544,21755.75339686474,21755.75339686474
34.58968076792448,0.006245144964721347,2.516113697103077,1.2580568485515384,1365.5016317065551,629.7806259493575,739.8563521082044,2425.931478112103,626241.4568829376,626241.4568829376
17.935442721041277,0.003977378834112625,2.3220631271361984,1.1610315635680992,590.3139740569741,73.15912052569385,132.60427228725723,268.5630841549839,80735.33177201086,80735.33177201086
11.0572476292435,0.007805852006241082,3.321617735346075,1.6608088676730375,5005.1516328336875,295.7106109827078,974.0722795734283,1000.8692325123866,623586.2855473909,623586.2855473909
10.211132383120079,0.005632315815715282,1.182102080002882,0.591051040001441,1899.7291060519683,101.51691174898464,365.5946215421627,337.70678724543063,135183.4997899008,135183.4997899008
36.58293619045627,0.01462256013697517,3.233336317007934,1.616668158503967,16107.026514177665,8440.391725555892,10205.583119929981,32565.33117634956,10081867.65220669,10081867.65220669
23.237604485641175,0.01621081688844974,3.7352801411123906,1.8676400705561953,35201.80533014091,7037.972532172121,9574.323803068302,26521.98914920299,10117170.287286546,10117170.287286546
2.1595534212420837,0.015170965284788174,2.956463103931177,1.4782315519655884,39296.76848383173,896.3307947826646,7148.283786856358,2249.385607838796,3070113.123072281,3070113.123072281
24.51102173599873,0.015236450972240214,2.8982788019025385,1.4491394009512693,28206.477672856556,6263.431692482533,8131.729354090762,23700.4146358556,7066365.031331105,7066365.031331105
18.83359926725591,0.005507757482806672,1.3115920040373146,0.6557960020186573,1537.8387020698112,207.74468985708944,354.8616295426674,767.0537283631646,196922.82610549545,196922.82610549545
40.98746598292241,0.012465724777771053,3.289261912288941,1.6446309561444705,8141.760194476843,5563.925005207329,7491.225750744094,21514.561949985356,7066163.8915188825,7066163.8915188825
39.0300339090885,0.007315781103066082,2.853562322143948,1.426781161071974,1806.4367108367053,1100.1423760086595,1402.4304741900892,4250.763704314149,1217708.6227937762,1217708.6227937762
21.38656825157745,0.01721749599086867,3.316566468919368,1.658283234459684,44257.68210228353,7548.079652480115,11157.186343847476,28239.524341187447,10059201.766257321,10059201.766257321
38.00756942344246,0.017881353138492158,2.868556202355821,1.4342781011779104,27645.83902401972,15825.209715336769,19689.394684249004,61113.34088150841,17428929.630085204,17428929.630085204
42.84655250696355,0.014144806639147597,3.4150172122089693,1.7075086061044846,10845.355262984183,8233.841583504953,11783.483001557815,31852.592966307122,11142033.945906473,11142033.945906473
4.424173248654143,0.008033682488301035,3.8677877011622877,1.9338938505811438,5785.946958307436,158.12374610643673,1060.741424261329,434.11835356804113,722768.8110563605,722768.8110563605
33.45550615496508,0.019768436813790438,1.0831079192240676,0.5415539596120338,45345.45963586532,19405.659219563764,22567.705010160702,74666.915403908,15894299.276204105,15894299.276204105
43.9985159715116,0.011813346773104671,3.083583378382379,1.5417916891911896,5955.990397176524,4816.108425614953,7187.188446195275,18633.67191101994,6045431.7549235225,6045431.7549235225
21.80409825178708,0.009229469518946536,3.980665114650983,1.9903325573254915,6745.9993005637225,1193.352452307678,1728.4828382063833,4472.6105656736345,1898591.6910399823,1898591.6910399823
19.50902522083138,0.0047572509950006385,3.4326390767820585,1.7163195383910292,976.1846091671409,140.49404570092904,230.18446532206798,520.7840084481793,203678.51307015473,203678.51307015473
43.84693037452603,0.017248182585233807,2.0029768975659232,1.0014884487829616,18683.910478993268,14984.726008567652,22235.351189103443,57975.649799896826,14043875.654268041,14043875.654268041
37.06344312542076,0.003924108006955902,2.349457368555142,1.174728684277571,304.79253198323374,164.59233405627498,200.7987535948831,635.2503185333171,159248.10199416502,159248.10199416502
27.955946792828488,0.012639789163810703,3.415815499266785,1.7079077496333925,14479.92064856329,4203.880198162737,5009.9009532216105,16042.900679528626,5222002.912243321,5222002.912243321
12.027707202578183,0.005181200988736923,1.0827801632174907,0.5413900816087454,1445.0116887415347,95.59443887956967,285.2906010127796,329.16229321375545,121389.31834564486,121389.31834564486
1.4967192854142486,0.013344832127456786,1.5368437941293767,0.7684218970646883,26782.7714491987,591.2770609857333,4865.848823272846,1455.8528942753042,1177961.6048134852,1177961.6048134852
14.75694100492947,0.016923473818708,2.341358317124947,1.1706791585624734,48284.468790159604,4326.592208253966,10022.372992798693,15451.919116893183,5298437.216714789,5298437.216714789
31.702256464899214,0.008418444124556702,1.478972400946919,0.7394862004734595,3747.979752287395,1424.01987730072,1646.169595897662,5467.8130925148025,1185676.1974993583,1185676.1974993583
17.16662357800749,0.006045575701943688,1.3574063471414883,0.6787031735707442,2105.633193343905,241.94726451402983,463.0031464569876,883.2495898920417,237375.08488891143,237375.08488891143
37.50126025130166,0.00781908572511724,3.8370781757384833,1.9185390878692417,2364.8069156434985,1312.1884998188882,1614.9367085522463,5065.8536882806675,1848592.5292722885,1848592.5292722885
5.795861865551727,0.014625243145148438,3.048803660917409,1.5244018304587046,34631.438692272335,1094.3289038188186,6397.07685850669,3180.4212976505964,3083193.6675076853,3083193.6675076853
2.8030055113894523,0.010158904048004486,3.198033690301953,1.5990168451509765,11777.915792496535,280.02381782507183,2146.00763362,718.963468516785,1047584.4339516294,1047584.4339516294
42.63257209626201,0.01735321711809727,3.7929982658329244,1.8964991329164622,20243.65118036534,15187.317921404283,21573.380752296027,58749.932297459745,22785132.47580141,22785132.47580141
22.60127767466442,0.00798586536781217,1.5124926347901018,0.7562463173950509,4280.703546855539,811.0561200092204,1132.9767658942178,3049.3690678942403,721770.5207587574,721770.5207587574
31.805957918656603,0.003279546520031618,2.3386999354353506,1.1693499677176753,220.7217855146071,84.46381919741344,97.64165478882629,324.35981010824577,80566.54794179556,80566.54794179556
7.822837462912561,0.01577160087170331,2.997173201878608,1.498586600939304,42751.308149908335,1712.9326988525813,8019.721590276611,5350.754429245277,4012173.0470871236,4012173.0470871236
21.406386158410367,0.011734990984924873,1.6198657491982633,0.8099328745991317,14005.947295336096,2392.8634007369656,3533.5256975466136,8953.159931770104,2179521.238062764,2179521.238062764
10.697421274886475,0.01710011111665516,2.7220159618434256,1.3610079809217128,52856.68809317495,2992.8576464631947,10236.25123647087,10058.305715301467,5100488.46449398,5100488.46449398
34.60858329756226,0.012336614550050137,2.536326983565991,1.2681634917829956,10517.542931471708,4856.765194207665,5706.84153859038,18708.713404880236,4851707.389247809,4851707.389247809
11.47601043058919,0.0155854965256551,3.798783207642386,1.899391603821193,39625.096322845086,2458.9018969804874,7757.980491969772,8387.141111684457,6046741.584507075,6046741.584507075
32.64924972614765,0.011972087299939699,3.4222965528443394,1.7111482764221697,10396.589196710547,4214.470384812876,4880.383698855053,16201.349166700049,5182790.7956906,5182790.7956906
20.423662165590343,0.008397716052567283,1.8169375843874445,0.9084687921937222,5256.962259347755,822.7423336299864,1279.0096793972011,3064.3848968842735,778426.7666976769,778426.7666976769
3.9031113049150097,0.004120463939926412,2.165474343080291,1.0827371715401455,782.6039704004154,20.35652007438409,143.14642219657287,54.65999401854662,43327.51265268179,43327.51265268179
6.237384844427648,0.010995920904044576,3.8749621355184205,1.9374810677592103,14673.7316614076,487.5052979722482,2718.412908579928,1441.3450814289954,1916105.2100082603,1916105.2100082603
6.07429292996926,0.012315009090919045,3.4299523627753876,1.7149761813876938,20637.029037701122,672.9529468014471,3818.941060543908,1977.2319949879557,2208312.6472743065,2208312.6472743065
13.669048721757093,0.01045819123410512,3.4510630862521765,1.7255315431260883,11599.351890951264,923.4937715568426,2355.8334893619945,3256.3358445001268,1733254.636706663,1733254.636706663
23.238709148121163,0.018893568114614463,3.0108364766634352,1.5054182383317176,55728.73128066705,11142.99609465303,15158.050207016468,41991.575834849726,13178277.767383724,13178277.767383724
6.8782506694257215,0.009567433498718499,2.2203168677069725,1.1101584338534862,9619.447743981284,344.35423263921456,1790.3967519653445,1042.3489896094584,617272.6026455297,617272.6026455297
29.916965355826186,0.0034383894573077655,2.671550464013532,1.335775232006766,272.5759484271903,91.3441387188343,106.31660218038489,349.823642693879,93918.15872704909,93918.15872704909
26.46662298632462,0.002249397426753973,2.2071102649886343,1.1035551324943171,85.60103454886811,22.19172137893634,27.249230280845868,84.41231726136434,21016.148305183753,21016.148305183753
19.137121406164074,0.016864696400415213,2.8677980055471304,1.4338990027735652,43855.11389368386,6096.3156571856825,10217.0187758254,22550.06811443975,7570096.435448402,7570096.435448402
11.717968821591239,0.005001694739744494,2.2771690759345753,1.1385845379672876,1305.4583327102787,83.32309303490375,256.511850026395,285.4185537383348,114101.07804893375,114101.07804893375
34.175224070620125,0.007379330863667761,3.756584463261305,1.8782922316306525,2291.322985962234,1028.4614805019135,1203.096549148308,3960.1021721866423,1383233.345456629,1383233.345456629
11.300462000777708,0.003108392085711803,1.0745876742701037,0.5372938371350519,315.0727254079295,19.15430934134669,61.529185887319244,65.12634110674635,25373.414095711058,25373.414095711058
4.541504590367013,0.0026031161659182,1.0314403001717651,0.5157201500858826,196.7210671840608,5.439077143577749,36.08517475929981,15.007499097040942,11614.90671291429,11614.90671291429
4.4978392173716,0.01485652250843557,1.517777998449188,0.758888999224594,36577.95022386572,1006.9430836815256,6708.201899400955,2773.1933281683832,1754352.4736517477,1754352.4736517477
30.966085115792772,0.018777088033327054,3.6524577486483456,1.8262288743241728,42743.797483935305,15429.42435589425,17857.480886288806,59184.72041728761,20095643.3956382,20095643.3956382
37.31286308752388,0.008849403477005918,3.8742273639452014,1.9371136819726007,3457.1609356173412,1896.0792146422368,2324.5845214547403,7319.1687642215575,2692046.4935737303,2692046.4935737303
18.755995704675712,0.004926128582145015,1.7430600508344667,0.8715300254172333,1102.1425940681554,147.7956236022528,253.71188027512073,545.4459076222406,142555.45454870362,142555.45454870362
12.01009742893826,0.008764203002696896,2.867525872442901,1.4337629362214506,6995.5642535474,461.8516437532945,1380.7626543269039,1589.8433789597389,769333.382252028,769333.382252028
17.454723017037608,0.011888849257049914,3.2663577639815333,1.6331788819907667,15921.547249133055,1882.4383751004304,3528.4609047924823,6886.820109186572,2781252.17016253,2781252.17016253
44.61542970285828,0.019860783080348984,3.0777337774782914,1.5388668887391457,27408.249289955296,22907.711127952647,35003.46733753965,88633.50716936056,29009189.283388924,29009189.283388924
12.26668416045532,0.01812076715808801,1.7567431605337127,0.8783715802668564,61611.75773236739,4189.387277328926,12210.413253123716,14481.004000628745,4893345.592946126,4893345.592946126
31.348138675901364,0.00644840778142368,3.11359154453125,1.556795772265625,1706.921363110414,632.8119118655372,731.7411814717993,2428.657890646754,720487.3330293193,720487.3330293193
17.146273699640535,0.004149786231706318,2.5560191773314305,1.2780095886657152,681.274518786438,78.12326599363722,149.72237327426245,285.1514783841247,93931.07983183734,93931.07983183734
33.99023889624322,0.00341633284338457,3.7427521268388597,1.8713760634194299,229.07415265449777,101.5740817771787,118.62038801422874,391.0408059499896,136015.84501111374,136015.84501111374
2.7347749063174884,0.006249943456936941,3.240569041291847,1.6202845206459235,2743.1499131918504,64.90556473183631,499.72051802135553,166.2162566038379,248856.3674893354,248856.3674893354
38.827812393398034,0.005033499539243003,1.0447237391316992,0.5223618695658496,593.9157304763859,357.33147090704114,453.2236287756849,1380.5329849016339,287229.9196652877,287229.9196652877
8.955763670666077,0.017692886107332287,3.8491071488860436,1.9245535744430218,59703.88626050104,2743.061286887416,11324.380933586932,8853.188503789792,8397314.42049274,8397314.42049274
20.429954260299283,0.01696881320344195,3.521937082758475,1.7609685413792375,43365.14624155299,6790.737633374414,10553.02212137186,25293.556178803854,9836121.454058364,9836121.454058364
39.65108748040674,0.013933056728576167,3.9446475585074636,1.9723237792537318,12121.057761440708,7660.419509474608,9924.936070098354,29606.80818337403,11407741.912828393,11407741.912828393
3.3126251902981063,0.0035683805028641517,3.6657552813011227,1.8328776406505614,509.53122007719537,12.595222305593238,92.99050221734826,32.9964777190458,57033.618601873895,57033.618601873895
35.627558819429275,0.016306650263543332,3.0702302271358843,1.5351151135679422,23275.59367309379,11479.712889462162,13666.983422863468,44259.872932368504,13079097.294881988,13079097.294881988
30.947697801941906,0.016219157926105583,3.5938859437320843,1.7969429718660421,27565.53533164059,9937.63948769397,11502.151051517341,38118.139751730174,12753266.744711349,12753266.744711349
37.921030601230065,0.009093288669202402,2.9998714180676607,1.4999357090338303,3649.9997396125145,2078.3133202383397,2580.8490047128435,8025.57342370248,2364368.7709796955,2364368.7709796955
12.640642735316577,0.004384463711952327,1.9049444383717469,0.9524722191858734,868.0849947896447,61.59825247540951,173.10326213042197,214.1455166781921,72922.8776433805,72922.8776433805
17.79770836109986,0.01318224784997572,3.9076839389835536,1.9538419694917768,21552.48267309497,2635.4418282519177,4822.390894470832,9665.341946538338,4697203.611064394,4697203.611064394
20.888262899198356,0.013056827421476862,2.9794947040912523,1.4897473520456261,19539.653006729237,3188.4357029903713,4834.533763482752,11902.096025930698,3912482.8960881224,3912482.8960881224
31.701682311731357,0.01227564535977675,3.747346119059431,1.8736730595297155,11621.016539941626,4415.152575767294,5103.924734335239,16952.8608864453,5887877.977831169,5887877.977831169
42.15866110632808,0.010092555443812885,2.6474511499610793,1.3237255749805397,4078.316919825411,2979.5014444791136,4164.712784279599,11524.682226457315,3230521.3781825765,3230521.3781825765
44.21135545941894,0.0026845364488743448,3.77767658742421,1.888838293712105,69.12732458770412,56.54189132853544,85.06183096778504,218.76547405869505,87124.66118034067,87124.66118034067
6.577921184390265,0.013880809335130372,1.4060682062688565,0.7030341031344283,29444.845275026164,1017.5809658777482,5468.035748296355,3047.0523437952575,1576267.4425124,1576267.4425124
43.478310740822195,0.01834345657667994,3.237282180021396,1.618641090010698,22904.254611722834,18004.595816357218,26355.442125190846,69656.87185621716,23411772.536767658,23411772.536767658
22.92417009869692,0.010394217161136575,3.603459479135581,1.8017297395677905,9358.298966677497,1822.336448111259,2510.979712782167,6859.688805606902,2542765.5777147566,2542765.5777147566
43.716409911050924,0.007579860580346136,1.9874685130120602,0.9937342565060301,1596.4070712403445,1271.2997653752584,1877.3106021279164,4918.577894148936,1185793.3663959566,1185793.3663959566
20.815165173398476,0.002599529784547485,3.5845212929663157,1.7922606464831579,154.4750808704468,25.042758644776896,38.11799392757059,93.45008072426221,36544.32579960917,36544.32579960917
27.117700227059043,0.018160521247323334,2.517510852646162,1.258755426323081,44131.44806828442,12027.160220225687,14557.372296975846,45817.07974081055,12102045.181585664,12102045.181585664
35.84159224752841,0.008101055669438955,1.211581822989398,0.605790911494699,2827.948700019622,1413.9656700146568,1688.7837976229885,5452.453115548989,1146581.466433968,1146581.466433968
39.92103343596136,0.0040052971320180125,1.6604827713810786,0.8302413856905393,284.2840188482697,182.55579042593632,238.27388866322895,705.6392640540853,155850.68894395445,155850.68894395445
24.966110883392197,0.0067068526756011715,1.014156145450082,0.507078072725041,2374.223495235995,546.9178318162037,699.7072800845142,2072.2455467169048,489961.9168989296,489961.9168989296
0.6424040444118223,0.011365048422867733,3.726771396529298,1.863385698264649,16560.813149136,356.46829290556855,3005.9231127534067,864.2301184452872,1859866.993133269,1859866.993133269
40.60781635174791,0.008359162778650342,2.5468642788827776,1.2734321394413888,2500.628048669817,1671.704455436216,2225.2548363337846,6463.3397747740155,1737699.1799307177,1737699.1799307177
26.788853739660706,0.0144559713219737,2.5131955068743705,1.2565977534371853,22492.486120852373,5977.666082167618,7286.075582945342,22754.849254675322,6022661.32886625,6022661.32886625
9.366448258424741,0.017344713234341023,2.08776760135526,1.04388380067763,56006.69597558261,2704.072612106434,10670.746748806063,8819.888928067807,3949746.85364603,3949746.85364603
34.573813597854006,0.009514158575189852,1.307186609171103,0.6535933045855515,4831.251834865098,2225.906346994431,2614.504418799839,8574.12367464502,1817712.2602544692,1817712.2602544692
31.627556659346833,0.014056468339205703,3.1011271626679884,1.5505635813339942,17496.447157938703,6613.43074935633,7645.27160787821,25391.109871085842,7506233.903108822,7506233.903108822
43.62920913210364,0.015942078984043755,3.973208090563046,1.986604045281523,14919.12270820667,11824.60798678809,17405.09413624858,45748.25458774389,19042445.174663432,19042445.174663432
30.306136234173813,0.011840580413820027,1.2525055442026785,0.6262527721013392,10977.779545733454,3782.381718158251,4390.730395315519,14494.392678125201,3135694.8646135977,3135694.8646135977
40.366855490751284,0.01789379111440565,1.0274922470143721,0.5137461235071861,24814.55989192818,16357.458667005718,21621.113961896583,63237.76874914195,13106703.983554859,13106703.983554859
5.363626483885221,0.014674335119297909,2.994788231391855,1.4973941156959274,35077.65305836081,1056.8082244962989,6462.562411189734,3018.2453750732775,3002682.697708085,3002682.697708085
33.2690773190168,0.006404692284716166,3.938446195204035,1.9692230976020175,1553.5504811573953,656.6124353033989,762.6835216447607,2525.9323226955325,921717.1164374554,921717.1164374554
3.271002574723765,0.015463854132739476,3.6436170547106377,1.8218085273553188,41474.22829138921,1021.7675409908097,7568.049307412401,2672.2548450210493,4592507.575537829,4592507.575537829
29.939345683487613,0.009270248285277768,1.7693434950643048,0.8846717475321524,5337.674179511102,1791.6009904464756,2084.9125602720387,6861.599992504797,1549985.573882875,1549985.573882875
33.662042107035326,0.006452970006381396,2.700740897167879,1.3503704485839394,1564.27696278349,678.7032452342031,790.4707861628126,2612.0053243958846,702146.6946278827,702146.6946278827
29.567593264484014,0.004336012761351449,1.5808753910992988,0.7904376955496494,553.3943952718846,180.85014530451693,211.11362634155995,692.2103800871034,153159.74089764035,153159.74089764035
4.158754161257071,0.016452766449441714,3.3040751185328054,1.6520375592664027,49763.481630346774,1325.5444761529027,9112.164780692881,3598.2025120598482,4780006.845349045,4780006.845349045
5.736137101836151,0.01739739301309641,3.7907950422932917,1.8953975211466458,58315.53695022084,1830.4672319751348,10767.933690646852,5307.221547173875,7251573.577519051,7251573.577519051
36.794691469173884,0.01755720532030223,1.9708400747614392,0.9854200373807196,27624.074600259584,14669.122088040815,17805.246263975885,56605.809805067554,13108125.53619371,13108125.53619371
18.050712850563063,0.01552123401361545,3.63626914771845,1.818134573859225,34996.80339473065,4386.054056502207,7887.688007601479,16113.593035663618,7112741.127738852,7112741.127738852
43.50233489147425,0.008854764188141576,3.1018579200141345,1.5509289600070673,2573.171088438068,2025.3780003322488,2967.386116263834,7835.881758026055,2535007.6755470475,2535007.6755470475
36.46218287144046,0.010323155983229226,3.8596887220576477,1.9298443610288238,5697.266752116144,2962.8768612017075,3574.913102430354,11430.602537698971,4156555.7678886144,4156555.7678886144
1.246718610583633,0.017315390065161154,3.2669889991584116,1.6334944995792058,58530.53674425392,1280.0380027347192,10629.986807440786,3133.85879933329,5291510.964123237,5291510.964123237
13.544892717480245,0.006992400207791491,2.738139456867022,1.369069728433511,3473.65037523251,272.78800426365154,703.8601704202099,960.3467139991569,399813.84644248174,399813.84644248174
27.01213571970839,0.015901986102068652,2.422712575696646,1.211356287848323,29728.887384390444,8037.054071365907,9749.19414498422,30609.705203336052,7927310.617722568,7927310.617722568
39.205240514160444,0.00543103923306503,2.283667175056862,1.141833587528431,733.0660872235144,451.1562646758436,577.6951673572592,1743.3342515859065,435406.4163045027,435406.4163045027
9.050009583906649,0.007247506121397389,3.1156686511296607,1.5578343255648304,4099.691015190914,190.51640883440263,778.3933259843278,616.4150304047222,427361.2994046225,427361.2994046225
37.70514786815685,0.009132593704509927,1.653470861727405,0.8267354308637025,3733.702024418264,2097.973008002254,2593.107572481523,8100.465605426551,1778619.1186825866,1778619.1186825866
40.909638507924456,0.009755579784491809,2.0117604183804407,1.0058802091902204,3917.143637358905,2664.895724452274,3579.5106611977308,10304.356055388414,2447741.221325437,2447741.221325437
30.82235582834785,0.005105112207597332,2.54573178959968,1.27286589479984,863.5566822740823,308.59289132499356,357.33135587116146,1183.466336185631,307934.65474074986,307934.65474074986
32.34347810043468,0.01059265025556956,3.7980736854127706,1.8990368427063853,7286.582744553261,2893.0094486859743,3346.93785469405,11117.300661462825,3909987.501798733,3909987.501798733
27.982264587760014,0.012504465713463041,2.1524587858272133,1.0762293929136066,14007.640521127068,4074.7708352947693,4853.9316637195,15551.013854584846,3784623.885845737,3784623.885845737
10.69433615171156,0.00974501429208478,1.3475691097358344,0.6737845548679172,9782.886199417138,553.7251820108181,1894.4803922933684,1860.8267899057303,686065.7090776202,686065.7090776202
23.0320667800529,0.009800058912421777,2.5209680226906905,1.2604840113453453,7820.773035810405,1536.8583928509097,2108.1979041942973,5787.325729003173,1612764.491629025,1612764.491629025
34.48883964151471,0.009958117286615014,2.0979765861215993,1.0489882930607997,5559.018928029458,2547.0290146549305,2988.9462673867606,9810.301897958088,2319519.3300287193,2319519.3300287193
11.72863056471104,0.007149694154249173,2.5981213154304994,1.2990606577152497,3812.515554031823,243.64159172537018,749.2488719892951,834.7336123833879,373016.59096402896,373016.59096402896
13.377487437387929,0.01511144120721166,1.1635795320164117,0.5817897660082059,35151.96115368792,2709.682262135023,7100.823423933751,9518.454723891362,3121568.868163015,3121568.868163015
37.46844781468541,0.010535663123866366,2.6958798019322625,1.3479399009661313,5793.625046022815,3208.2655185606245,3945.80135346241,12385.624813797636,3372774.0914737964,3372774.0914737964
31.070984085441985,0.019989629512631363,2.042622910763298,1.021311455381649,51372.029842617536,18680.69554603004,21613.7766794903,71666.73007504619,16838345.26639235,16838345.26639235
38.63859562663656,0.012232829194560863,2.204475919260638,1.102237959630319,8599.812364574964,5115.36446575994,6458.234647439088,19761.088313752596,4833337.489773063,4833337.489773063
34.19908289688147,0.005683611936070907,1.7083166699230639,0.8541583349615319,1045.8918882614394,470.18640550857316,550.1503786441525,1810.4999174222385,400559.34457691,400559.34457691
15.125086243213003,0.01043747883847948,2.657691873582673,1.3288459367913366,11255.75662109212,1048.8670983933412,2354.9795540543873,3760.4242325215673,1396231.9604743184,1396231.9604743184
9.139116007935517,0.019838780485975288,3.614662919198045,1.8073314595990224,84009.41212390109,3946.261614239001,15965.906409068637,12797.659804247704,10821825.224337764,10821825.224337764
18.404053151140488,0.011062496619919397,3.457689422836539,1.7288447114182695,12576.806486442336,1630.837863259323,2864.3133344841444,6005.3798233616635,2470550.838530204,2470550.838530204
11.305563749586014,0.018619480648546877,1.503351939879746,0.751675969939873,67713.83602739358,4119.008313798948,13224.511695419764,14006.304777762904,4899765.276071094,4899765.276071094
11.799261546532506,0.006141213258032386,2.018322898972889,1.0091614494864445,2413.781905183141,155.5230823079968,474.87449771576917,533.476958916431,196284.89393307146,196284.89393307146
15.630837327458572,0.019503621427909686,3.8014286809086903,1.9007143404543452,72784.87692636371,7152.371047135628,15403.060894824424,25770.961984150177,13620558.717275472,13620558.717275472
35.11615079129996,0.019729649508108425,2.826141652616621,1.4130708263083105,42123.86375773248,20103.64849999838,23766.347364590325,77476.23652037344,21524023.468742732,21524023.468742732
31.09743000734137,0.009512154390809284,1.7218537824333,0.86092689121665,5530.007502277208,2014.629129358047,2330.786000873925,7729.22299163822,1726061.6512029772,1726061.6512029772
2.119669739795106,0.007220784796371175,3.8816924283937664,1.9408462141968832,4237.528033617783,96.43626357038829,770.7602135299069,241.69954431332985,515365.62109306955,515365.62109306955
43.16784049807867,0.008728114372412917,1.4375166003771138,0.7187583001885569,2506.834070905368,1937.292420139188,2804.198633123037,7494.775128847525,1613149.0129606,1613149.0129606
30.98454392099662,0.012820797921623337,3.221000653308595,1.6105003266542974,13596.873932402912,4914.478838824447,5687.522196936818,18851.62459098534,5746209.226614063,5746209.226614063
9.127822479206808,0.012664273789644269,2.3995024519554793,1.1997512259777396,21856.22304273924,1025.2751337421014,4153.244753801962,3323.981774915648,1699755.3585963931,1699755.3585963931
26.623359131102063,0.007200430229747562,3.490169147499271,1.7450845737496354,2794.0226922573715,733.1563660560677,896.9647881368397,2789.7946671371856,938837.8848663361,938837.8848663361
8.250186420866939,0.018704344773163094,3.5490059838514183,1.7745029919257091,71030.71753924662,2996.551385601303,13377.45781793672,9482.553228068906,8608574.022278573,8608574.022278573
38.91663368252969,0.012413986272347311,3.4486118926220977,1.7243059463110488,8872.818140481584,5366.974715536971,6822.240019837071,20735.950737168612,6930838.611700647,6930838.611700647
35.92436272044436,0.002131192142383299,2.4631002223965557,1.2315501111982778,51.30700893091979,25.788945585421995,30.840803645962303,99.45226537151007,25461.637020719332,25461.637020719332
42.43476480503834,0.0027332959137718743,3.296698739033342,1.648349369516671,79.89729307091355,59.28249372282039,83.64028098624203,229.3171790369616,77070.01764190274,77070.01764190274
29.477447915103976,0.012588581267612298,1.8749652437634334,0.9374826218817167,13585.036015820826,4410.796180750448,5153.258904680783,16879.91702363983,3881590.893217116,3881590.893217116
7.800568710862988,0.013795177834029641,1.1012328156773874,0.5506164078386937,28614.769083825176,1143.450709674663,5366.778475380941,3569.3525908427378,1842391.7513082712,1842391.7513082712
16.664774836233132,0.011526686273220491,3.0403819751676626,1.5201909875838313,14738.131853002476,1610.37562146184,3198.4289828955184,5855.553321765301,2281984.925425132,2281984.925425132
3.025221700127859,0.014901014674448728,2.9926156358334532,1.4963078179167266,37141.138541270324,897.6066051890292,6771.898926150839,2324.5420221836284,2995937.687285442,2995937.687285442
39.599601717611655,0.014974213967409875,1.028599185343539,0.5142995926717695,15083.025546097942,9503.298433361437,12295.550169074346,36728.5620657317,7626665.180162637,7626665.180162637
19.851364415942076,0.002251177856955597,2.6465488330651223,1.3232744165325612,102.63519211717406,15.246125415872747,24.479918413082263,56.61958511363845,17492.360913612974,17492.360913612974
43.09185043750792,0.004538816781301692,3.8072732217097425,1.9036366108548712,353.89367818479985,272.3477020369738,393.15068238009974,1053.6162337368419,413829.4846479024,413829.4846479024
39.75025076865734,0.018926242820787774,1.073885209899501,0.5369426049497505,30238.39813232932,19223.00208523536,24972.60934667238,74298.18888589994,15422580.756623428,15422580.756623428
6.89875420307372,0.005270459979658003,1.023598107771551,0.5117990538857755,1607.8271501033119,57.69586103790547,299.3002347080651,174.77002545242854,105115.72137037541,105115.72137037541
19.347172019391703,0.005261102666504846,2.7776529540212547,1.3888264770106273,1325.1919236200538,187.87217809463678,310.8294408202037,695.7731073933668,226162.2558990121,226162.2558990121
43.52061756806359,0.015840964410292847,2.083899200490234,1.041949600245117,14718.895974599054,11597.019437417819,17002.18402278288,44867.21026524009,11049478.751324944,11049478.751324944
8.650845052572931,0.012082373114420755,1.8810385178923417,0.9405192589461708,19071.97004229726,844.5222166423121,3606.0830948355615,2703.245086825407,1210076.3312272993,1210076.3312272993
0.2505343989125758,0.003098306879535209,1.0698770252476666,0.5349385126238333,335.6043234486785,7.188362236220503,60.90402809686013,17.374037140131776,17638.28867825063,17638.28867825063
6.27793477215594,0.015134775248189793,2.243685017360892,1.121842508680446,38251.45879579135,1276.7664738673127,7088.334627092194,3780.666093480044,2406532.4133021724,2406532.4133021724
5.980140430735648,0.006230386539780694,3.026886256345999,1.5134431281729994,2674.0465175620475,86.2704574116494,494.5323673591902,252.54992642255831,237088.72718739297,237088.72718739297
5.71251179542554,0.013562526254421984,1.0913635228992506,0.5456817614496253,27632.519756428504,865.0760984862115,5101.579399855188,2505.8211781223254,1619778.0480715497,1619778.0480715497
40.88037567994016,0.01674396873078223,3.8710898899722714,1.9355449449861357,19833.66866945804,13470.351821071417,18077.4652413097,52085.343594260004,20035396.57773569,20035396.57773569
17.979311957774406,0.002373903546934416,3.7473046271910957,1.8736523135955478,125.39650647139993,15.607110111670492,28.203875285301738,57.31002270359048,26270.173950349465,26270.173950349465
4.277591575884486,0.01182710923331407,1.786148713156145,0.8930743565780725,18474.887445496173,497.739052396151,3384.7224075954637,1357.9873506836084,908663.1431560547,908663.1431560547
17.108711238993187,0.017688257712473954,2.4788200993109886,1.2394100496554943,52798.677783644554,6031.925992044141,11591.828046152716,22010.309902022025,7103131.187457525,7103131.187457525
13.010563647509091,0.004283998574923183,1.556052637836309,0.7780263189181545,805.3692314709756,59.58604706434197,161.6217290413553,208.26303562547056,66172.83328329018,66172.83328329018
34.992301763550564,0.005864331087511767,1.5397915230703516,0.7698957615351758,1111.9168561913784,526.4280887035252,621.3642904813385,2028.5506232113175,438576.0426710906,438576.0426710906
43.794227108063566,0.014328953588514133,1.1258826207738863,0.5629413103869432,10741.427597473461,8590.171447125233,12721.673478893534,33235.0705907255,6897689.636309334,6897689.636309334
35.66617244192927,0.017154942976712727,2.76854380775018,1.38427190387509,27055.884082409088,13377.189136276029,15935.031703959954,51577.169177094824,14162184.042884314,14162184.042884314
17.214569199968498,0.016839130827765964,1.1138985405835848,0.5569492702917924,45458.49073389988,5248.360306509043,10008.652500480857,19166.580104121924,5377702.678889858,5377702.678889858
34.099274876214956,0.0038959184096491856,3.5362728126928085,1.7681364063464042,338.224972507392,151.05521991859763,176.57913996400438,581.5965313040306,192011.3851349449,192011.3851349449
28.413511929545365,0.012719085555256844,3.623627973977263,1.8118139869886316,14531.298017516168,4364.819298208461,5164.997112902982,16672.024443361744,5698485.608148128,5698485.608148128
39.35892393570754,0.018766110919136304,1.2617043862081911,0.6308521931040956,30025.7519736592,18649.313237934144,23975.43919843957,72068.71569556872,15104503.683996718,15104503.683996718
14.266021550781309,0.008631756594480292,1.4754067871697654,0.7377033935848827,6459.474781277038,548.9952171434306,1327.2728564353747,1949.9191369614546,582476.0734047319,582476.0734047319
41.81020895488844,0.0029940276073222877,3.889901097184076,1.944950548592038,108.33655238439073,77.60406164880288,107.23376612693093,300.1475831077044,117864.70153271015,117864.70153271015
26.68927174583971,0.012152081437890613,2.3358520972518435,1.1679260486259218,13403.20547710809,3534.918346862102,4318.245638930594,13453.08171103271,3430670.7001953744,3430670.7001953744
44.296600833625384,0.01765727263442852,2.5784880075274033,1.2892440037637016,19583.387648051765,16091.444947169955,24287.001157133713,62259.493559424125,17593198.345595486,17593198.345595486
4.103630103954939,0.018236111911795472,1.5612277411479418,0.7806138705739709,67780.27985566657,1796.0822407079759,12408.223802207418,4864.033630439787,3201722.205750454,3201722.205750454
32.37045862465819,0.019744232489614273,2.4396524612122965,1.2198262306061483,47138.98721685319,18750.15397398205,21693.649764110414,72055.73802281423,18269102.327940974,18269102.327940974
26.781903085427576,0.005368846307428628,3.290503840276611,1.6452519201383056,1152.4808380644004,306.1231544264519,373.1856577250162,1165.28338469485,371904.7363377779,371904.7363377779
13.510064221137215,0.018078277667263845,1.4305254359923136,0.7152627179961568,60063.90757391757,4698.6901883333585,12162.779180288466,16534.192221464597,5123314.184407414,5123314.184407414
4.549033452509763,0.016588439049926365,3.2533322586669504,1.6266661293334752,50906.10354934915,1408.5455876666301,9338.209548263125,3887.704490817743,4816949.6007938,4816949.6007938
38.92994485241711,0.01090175587799696,3.552170375054981,1.7760851875274906,6005.497876009619,3635.503436472025,4622.811089328825,14046.29438824905,4826724.862134207,4826724.862134207
42.61162639327607,0.012332032113940074,3.6035265714314137,1.8017632857157069,7272.963198234487,5450.00096799234,7736.056539860615,21082.456693218446,7747471.035463725,7747471.035463725
34.99477689885712,0.014331868152995832,1.6983110612913759,0.8491555306456879,16228.577698331675,7684.521431885554,9070.62955376062,29611.783526615498,6537816.808996947,6537816.808996947
9.056203368296158,0.012987851377415453,3.9479534926352082,1.9739767463176041,23592.254661727726,1097.1748542905898,4479.672742996064,3550.4785832328407,3463504.8137928066,3463504.8137928066
2.589985871995525,0.014005589717135596,1.3594665672570678,0.6797332836285339,30882.75688367874,723.5104034364792,5623.673461397344,1842.9254372834703,1418151.9715424979,1418151.9715424979
37.65293646806921,0.013346125420498466,2.9886214844144225,1.4943107422072113,11679.96794687085,6541.928357890705,8076.895999011664,25258.193699194904,7404808.78586308,7404808.78586308
26.268123797161866,0.006835298548352574,1.6464719239177628,0.8232359619588814,2416.719481601109,616.9579508853725,761.2024219411044,2345.646496426017,535781.9294629872,535781.9294629872
39.50520381998216,0.013828937526825789,2.641018502692776,1.320509251346388,11933.11540998974,7476.611836290744,9649.03154358503,28894.60473500203,7877692.3589625945,7877692.3589625945
15.097467228706702,0.005393582806856965,3.163030598664703,1.5815152993323516,1553.9202190739868,144.37931782094603,324.9210618768646,517.4858573470758,227584.320904006,227584.320904006
39.82190527064548,0.016247566809397474,3.348956942447147,1.6744784712235734,19065.86610854572,12171.911121919236,15843.546850644787,47046.63340332818,15472531.847048009,15472531.847048009
7.169987049444662,0.005145822700524442,1.5177259010306616,0.7588629505153308,1493.1819826903873,55.33100473172337,278.55433753966133,169.1912279729116,82008.51657989243,82008.51657989243
30.235508528121446,0.0039977684808471785,3.0384091273337512,1.5192045636668756,423.59252295351246,145.21723267844348,168.646316390338,556.4234017581056,162609.33148399313,162609.33148399313
3.530691256465942,0.009507166575682787,3.082286376772735,1.5411431883863675,9628.123250712748,242.35472432657696,1758.5247839412332,640.6431072650947,819870.4949733719,819870.4949733719
14.18123984665398,0.007013185003931638,3.574402043332288,1.787201021666144,3469.3492384456194,292.15924741334453,711.6620341100964,1036.661765987415,556446.4562869074,556446.4562869074
7.570440480685798,0.011002708270304085,3.189448727547566,1.594724363773783,14547.356074943127,565.4670762166202,2722.8979887007285,1752.249653255255,1471316.9736115134,1471316.9736115134
12.380385355620447,0.004950595652747498,2.202391726985658,1.101195863492829,1254.3190311856204,86.40606795003998,249.04415245701122,299.20280182883226,111969.22352098367,111969.22352098367
8.679165614805873,0.01567936956692873,2.3049246798234133,1.1524623399117067,41668.017397004245,1851.425471747545,7880.756448992604,5930.90466723144,3045267.16160559,3045267.16160559
20.147146530276935,0.018477557640186354,1.9448133444556217,0.9724066722278109,56365.88198617259,8602.806025005388,13581.190776166055,31997.541179286964,8348360.655554225,8348360.655554225
28.27661164092524,0.016944257491589933,2.3763583185801056,1.1881791592900528,34513.88594306378,10262.425939027335,12168.291760979524,39188.41331158791,9952730.96866579,9952730.96866579
24.313302177019352,0.006903740591275554,2.2640368675276576,1.1320184337638288,2638.8015965876725,576.6197929736443,753.6556347060631,2180.586655855215,562706.5384637777,562706.5384637777
7.717425211850132,0.002271293962410099,1.6973355748935695,0.8486677874467847,127.8051208800388,5.056310673771831,23.952535803447958,15.742265190730592,7360.745759962936,7360.745759962936
27.162843714585872,0.017506428912500066,3.3290748187364207,1.6645374093682104,39475.64230304153,10795.353142307415,13054.39492139402,41128.64766514041,13199437.338881262,13199437.338881262
12.211216573201883,0.0024991539961104715,1.9994213130109877,0.9997106565054938,161.75255634059675,10.928896232246473,32.02806417114503,37.74350551943343,13475.227314025797,13475.227314025797
43.229008265439674,0.005124468474946688,3.5909384737562235,1.7954692368781118,505.7736991776867,392.1818360144915,568.9232451075031,1517.2408882147608,561727.5040555305,561727.5040555305
11.991515420901937,0.014574834507328804,1.9031343456024812,0.9515671728012406,32181.585375931965,2120.1011481104088,6350.05590166579,7295.8436286028245,2578264.4202734055,2578264.4202734055
43.373457648015375,0.017988322080885327,3.942004677881429,1.9710023389407145,21715.840220648188,16972.719499586983,24750.382749490385,65663.88687878451,26948148.494013827,26948148.494013827
19.709449320453015,0.01283960795534225,2.859889846553025,1.4299449232765125,19104.591591903605,2801.061855131087,4534.96757023412,10394.402598478806,3419104.0089940173,3419104.0089940173
0.9872940175725348,0.01701420495731063,3.3303404144938797,1.6651702072469399,55547.417297199834,1205.075284901954,10085.212843392797,2935.8646700534036,5172408.93987984,5172408.93987984
9.241078895687107,0.019132584253884664,1.92143749618378,0.96071874809189,75272.90566093574,3579.689174774684,14321.503934022187,11639.172404238998,5012909.680172441,5012909.680172441
29.928624984648142,0.007709170580392527,1.5828463167835887,0.7914231583917943,3070.9017606132375,1029.963321827687,1198.6808541436992,3944.5583044131427,871172.2066751288,871172.2066751288
44.91870710929252,0.015241914970916754,1.3135001261344084,0.6567500630672042,12192.75426825123,10355.707863873447,16013.490308669265,40068.06285078708,8514648.6023108,8514648.6023108
4.3666657473663255,0.004039502770624318,2.306807943849758,1.153403971924879,735.7652031687963,19.994648321630635,134.85212243737044,54.75945452603992,44014.11286989357,44014.11286989357
6.076370451043268,0.005615550988203745,1.1693282517357522,0.5846641258678761,1956.6531174358415,63.819606093143804,362.0892502617915,187.5261864503673,110691.29594737467,110691.29594737467
8.28417763789212,0.01654744442849637,2.387615394211083,1.1938076971055416,49166.81724044781,2082.7222421396636,9262.770463583243,6597.327226415431,3631374.2200321313,3631374.2200321313
32.70516574191642,0.002938279952447044,1.514474967751398,0.757237483875699,153.36188836976547,62.40426938897032,72.27999645217614,239.91139604040634,51997.108666520646,51997.108666520646
18.01957075211586,0.0159773683254211,3.78606100195711,1.893030500978555,38198.62410110309,4772.895279972711,8601.549477907682,17531.086551222663,8118018.617957121,8118018.617957121
23.643375308373347,0.0021825947201496365,2.3668681326930554,1.1834340663465277,84.96483007140336,17.571461597433572,23.529262693344055,66.30783684300056,17660.805245712712,17660.805245712712
24.57475877706869,0.013672175252606411,3.688026585598036,1.844013292799018,20342.958142815096,4540.676112878865,5882.616918161991,17184.883429029484,6290063.596688961,6290063.596688961
35.0769332961833,0.017129050812449198,1.525833359122157,0.7629166795610784,27611.011545564557,13144.011813849414,15530.933026039444,50653.192798410746,10932322.130723039,10932322.130723039
40.7642105854909,0.01356317020533978,1.0248369208549806,0.5124184604274903,10601.301054654745,7151.771407263888,9564.316821677328,27652.466449730004,5726439.39183501,5726439.39183501
36.06006172583161,0.004225204485750917,1.0506589457783708,0.5253294728891854,397.48717503894005,201.5236008015744,241.51973102813685,777.2348424528859,163388.41439905108,163388.41439905108
18.30679462746807,0.013139593055963164,3.3221969979200563,1.6610984989600281,21118.088478190584,2712.927084368599,4795.611828005426,9983.76321860115,3955872.942359228,3955872.942359228
3.7934258695010175,0.012646104743579325,2.656169282895928,1.328084641447964,22635.119681649307,582.970366169347,4138.3602852420245,1558.1026338570905,1571388.2558467276,1571388.2558467276
26.49735484100545,0.011452267539149113,1.9285657335706272,0.9642828667853136,11285.975547441736,2932.8031437063114,3598.5819330312906,11156.539333297129,2641524.1299661407,2641524.1299661407
44.84409650987372,0.007318878275639839,3.852193138369373,1.9260965691846865,1355.2510758836975,1146.5319663112937,1767.709812085273,4436.13172185747,1830245.3995089538,1830245.3995089538
36.483250791826435,0.013966385083173891,2.3594899009825094,1.1797449504912547,14095.587642522994,7340.17747305042,8859.680471074988,28318.39592578756,7098590.125503614,7098590.125503614
43.21163466880204,0.014545684026927488,1.6537167454125326,0.8268583727062663,11577.028609867364,8968.367479341463,13001.954748943754,34696.00231109933,7757962.158915275,7757962.158915275
7.683495810349025,0.008392118064030167,1.8433346819205758,0.9216673409602879,6448.705109388751,254.09008644188071,1208.220743529208,790.2287354459555,381848.96776923025,381848.96776923025
3.8447714948789247,0.010550827639125649,2.4473629978558917,1.2236814989279459,13142.411644149448,340.0482274465762,2403.3120694270356,910.8208095478471,825589.7887417242,825589.7887417242
20.504737185878305,0.007100576725180988,3.0532811335201613,1.5266405667600806,3171.717005973381,500.0398799224811,773.9052598896988,1863.1889084437362,631962.9227651221,631962.9227651221
36.60628307513099,0.019144315445186688,3.792398599151417,1.8961992995757084,36109.558891532775,18949.886612219823,22922.539448646534,73115.0301499941,26156391.419091117,26156391.419091117
10.683551007062764,0.015279922178077006,1.9883230334921365,0.9941615167460682,37717.275807036465,2132.1229286615085,7302.994838293615,7163.563072513611,2816025.634054803,2816025.634054803
14.522628317703044,0.01818116820652374,2.910812968747129,1.4554064843735646,60106.18145561729,5252.144148518721,12415.207649320877,18709.190637588883,7802001.655943052,7802001.655943052
23.368207263236236,0.01932142622161344,3.535389718871705,1.7676948594358526,59391.27023499728,12004.637212979604,16246.544339696213,45258.83493903488,16299120.434042305,16299120.434042305
4.717138972354431,0.014133751335909307,3.670967460690929,1.8354837303454645,31458.662708992415,885.346471678806,5775.566187641509,2461.1493584604514,3623378.652611555,3623378.652611555
13.88492447615945,0.01783098917447925,1.115945298833653,0.5579726494168264,57293.50032000872,4671.118621084993,11684.389309441958,16515.408172879543,5367539.858497017,5367539.858497017
4.017686016077427,0.008692574116935643,2.1597758752456886,1.0798879376228443,7343.861049355015,193.04587743252142,1343.9115023599384,520.8839502384676,407135.0353670312,407135.0353670312
10.948907536528083,0.004871953398717615,2.1427794637965634,1.0713897318982817,1218.5931033194483,71.08247160036365,236.79927485016665,240.08573225074178,96926.3998277726,96926.3998277726
24.125219271387273,0.01926470845028258,2.41592270805591,1.207961354027955,57644.45910838609,12404.165782798704,16319.333976677864,46881.18124871141,12532821.017057508,12532821.017057508
27.754257257833622,0.003305899808624537,3.6033390949909343,1.8016695474954671,260.7915414618722,74.57886754983402,89.18355251862242,284.4920476929303,97321.22363076621,97321.22363076621
11.103821992855444,0.018280077516645905,1.6543105564606693,0.8271552782303346,64244.15761278193,3816.486827168354,12510.961647143387,12928.829421610284,4621432.650466525,4621432.650466525
11.123386159174574,0.019656757374379184,1.947610202284097,0.9738051011420485,79859.57410763083,4755.064330553563,15556.197640975597,16114.34737455265,6080801.200491104,6080801.200491104
42.87091098514636,0.017009758813852825,1.8288338527916999,0.9144169263958499,18836.983489076374,14320.44928458157,20511.569875026995,55398.83760271623,12809638.373227227,12809638.373227227
41.796637600450296,0.017922940572949728,3.0651460370748795,1.5325730185374398,23255.60085293015,16645.720217499646,22990.995587747937,64380.08469029468,20105972.46033471,20105972.46033471
12.793367841989934,0.010408624543811857,2.099419086094257,1.0497095430471286,11588.428327536425,836.6480906639622,2316.8280052090754,2915.146260749214,1033334.0304098701,1033334.0304098701
25.130957723996357,0.013503302306036235,2.2034490510146845,1.1017245255073422,19283.312229534324,4501.018832535198,5729.381436081013,17062.041516231042,4304691.856789273,4304691.856789273
43.59239903658474,0.01978529844813809,1.077061359345603,0.5385306796728015,28573.127287366035,22601.12298973348,33222.43713325789,87441.2007181103,18086556.00466633,18086556.00466633
10.19141872593059,0.003341101515680884,2.6739616419558736,1.3369808209779368,396.6428687609244,21.14575368642152,76.31335431930998,70.31329202148581,36504.293008542576,36504.293008542576
12.7863329404611,0.008552424380399735,1.905714899791341,0.9528574498956704,6429.202436040072,463.7992243658192,1285.209860506921,1615.857469405542,545941.7221018821,545941.7221018821
15.92004760596956,0.019542265843748345,1.4093931555554389,0.7046965777777194,72834.18588562275,7375.2509050515,15518.436202873007,26645.575244542637,7454515.411351091,7454515.411351091
40.79409317437163,0.014992216974901123,3.1963572946743444,1.5981786473371722,14296.972134107018,9661.636705100607,12932.430385833408,37357.27616799502,11933477.323118864,11933477.323118864
2.7097764620531652,0.003448277336104647,3.5272708158462116,1.7636354079231058,460.7459081958742,10.882711744097637,83.92830629067929,27.8433706496372,47941.69027769328,47941.69027769328
32.557308718195635,0.01169625862331696,2.4033152822643493,1.2016576411321747,9729.030717145097,3919.3439561204887,4537.151176833919,15065.18416531261,3789536.367554576,3789536.367554576
0.9309338027579461,0.0021720075040095876,1.5512563640353483,0.7756281820176741,115.56852518323578,2.503432007204596,20.981508858861385,6.093327092383428,5049.114158524631,5049.114158524631
27.740600113003644,0.0034922525021886083,2.0346450879484315,1.0173225439742157,307.56394395439213,87.86426918299466,105.09575889171708,335.161736529522,79973.15244060381,79973.15244060381
11.472186604324882,0.007441826605439715,1.2612289101287586,0.6306144550643793,4313.8881701380415,267.5752391595959,844.5451044097279,912.6178526507535,325341.02641161036,325341.02641161036
11.961960452832198,0.01887723925511145,1.3831409738031741,0.6915704869015871,69950.09110859297,4592.5770136281435,13796.162174783283,15796.584122674292,5342566.1035744995,5342566.1035744995
3.5929260437887525,0.014487263885489092,3.9465998859257905,1.9732999429628952,34059.46450802276,861.9074770194787,6222.223180668289,2284.2926623702297,4341160.195191875,4341160.195191875
3.9649653695728504,0.0149388655955888,3.912634577320656,1.956317288660328,37285.1753987282,975.3414649443196,6821.596321282351,2625.8103000107867,4710537.65020337,4710537.65020337
22.43472151989982,0.01914809729701377,2.27879944096759,1.139399720483795,59268.95991658192,11070.999092232641,15578.369850184961,41597.88882246238,11087288.192818496,11087288.192818496
19.494203014213586,0.01982183426123932,3.378777362538335,1.6893886812691674,70638.41932432499,10152.408465734175,16648.420429262194,37629.89612205808,14491446.78106514,14491446.78106514
22.718119914507838,0.005079209348371524,3.7397029166344606,1.8698514583172303,1097.9815124506354,210.11023245932927,292.0349232112335,790.3066408154418,305727.77620593685,305727.77620593685
35.77916482642445,0.00805550723087297,2.652360342138928,1.326180171069464,2787.936074158296,1388.4202867147,1656.6956364566522,5353.683357323277,1430806.3222198864,1430806.3222198864
17.269503865471773,0.007608698421303602,1.7434083186141534,0.8717041593070767,4189.012097190374,486.28296312646694,923.668620021594,1776.601692782006,484188.6487348009,484188.6487348009
6.127014949638988,0.016105058346460248,1.33015179592098,0.66507589796049,46139.256014777915,1513.6287846973516,8541.215057020037,4456.306669187614,2449324.8007447436,2449324.8007447436
1.1596009960573745,0.010875701657504833,2.386825872825395,1.1934129364126975,14504.719371054358,316.2936352914193,2633.9823705039707,773.0008707801938,839953.8586427083,839953.8586427083
22.958734792918182,0.014550219350786294,2.4358201891729756,1.2179100945864878,25646.486228251535,5008.722039488717,6891.569435329448,18856.3188099985,5158030.58173461,5158030.58173461
8.706515149469823,0.00608918774948024,3.547648290838797,1.7738241454193986,2439.928816507864,108.77207582171997,461.5973669608765,348.70603276199785,300660.04053348873,300660.04053348873
24.975151111433767,0.010192327032285715,2.334895401725642,1.167447700862821,8330.48643154684,1920.3730953365462,2456.1668954435927,7276.388345061317,1889623.2907806046,1889623.2907806046
16.401068643023418,0.01987641197715826,2.008306364729789,1.0041531823648946,75950.22646723775,8079.74764786273,16373.117338942942,29314.571662798884,8617593.819809105,8617593.819809105
36.010918704523476,0.010536602714873857,3.3847711872645565,1.6923855936322783,6177.300248213453,3122.0944863090945,3738.791060754202,12040.820964129809,3860230.404753926,3860230.404753926
40.327128330268756,0.004061279929486686,2.0008123565744356,1.0004061782872178,290.68078128461286,191.16872295904406,252.39530950117245,739.0456773952435,174555.12216626471,174555.12216626471
43.22035828613382,0.012637394720668447,1.8265320018694329,0.9132660009347164,7588.8167146493915,5881.643874283151,8529.626039366754,22754.394389235495,5270852.076390121,5270852.076390121
8.2823481923041,0.010936505454900826,1.4518376747158408,0.7259188373579204,14194.579811852185,601.1540666783085,2674.1374003316973,1904.141435322702,836536.388437811,836536.388437811
26.973425957075126,0.006383491163944859,3.8386964219060085,1.9193482109530042,1925.4563490988794,519.0002539955169,630.0779681614617,1976.478509573348,724790.2836556549,724790.2836556549
5.897173392112886,0.01594474598885275,1.4641827293183374,0.7320913646591687,44845.697003781905,1433.3168761918823,8289.19872162532,4182.312011811737,2300999.8886560732,2300999.8886560732
34.49692597187007,0.010680559295899285,2.6181901026186676,1.3090950513093338,6856.526269383556,3143.1820352184823,3688.8514315098446,12106.575116131786,3197739.123192531,3197739.123192531
38.22755992124791,0.006374856008423937,3.458221008768862,1.729110504384431,1240.2173531015485,719.5337040827691,899.6865090548963,2779.015645790596,924523.2456951777,924523.2456951777
3.4514929127279754,0.005782723347391066,1.0137268226268747,0.5068634113134374,2167.316386134881,54.19138836023275,395.73404428962453,142.78053829363702,126141.30662073525,126141.30662073525
39.604784989115814,0.017296084459811248,3.396549613209083,1.6982748066045414,23237.724439228292,14645.798877291367,18951.652427904923,56603.538680768484,18805808.513971984,18805808.513971984
14.283941038318634,0.005524994522331149,2.950241594891176,1.475120797445588,1693.4305740246891,144.20585085262945,348.0864114374523,512.2963140746697,219574.00599946693,219574.00599946693
43.186214728560536,0.014937361111303732,2.9265860195780538,1.4632930097890269,12553.916059834812,9711.539708531342,14066.545317610171,37570.98861687806,11513936.05787474,11513936.05787474
12.473286758996206,0.008108581840808291,3.1995159495891463,1.5997579747945732,5504.21017075139,383.2084777012827,1094.5261037728922,1328.8568950890467,703666.6519359209,703666.6519359209
41.83034938556967,0.00979048707337193,2.7240102125195644,1.3620051062597822,3784.3105646351505,2713.8904904220926,3752.5337215585087,10496.508254414177,2991219.7902748683,2991219.7902748683
26.13054416547464,0.005932239159054753,3.7427744642852376,1.8713872321426188,1586.537044063962,400.7092686247479,496.0960257235206,1522.9636188342513,550961.6455342276,550961.6455342276
9.124711324620897,0.017241232649049282,2.5543521408801317,1.2771760704400659,55150.98508807622,2586.1596033076075,10479.752792588322,8383.756427835222,4561232.593762967,4561232.593762967
17.934523032477042,0.012672015253993425,1.8772928146683436,0.9386464073341718,19091.389610840495,2365.8331250803017,4288.451561191199,8684.787748806748,2368763.588018512,2368763.588018512
31.605813454811212,0.018484930918703367,3.3784016716244767,1.6892008358122383,39822.55330702218,15029.788107505039,17374.92906447364,57702.5788904068,18265455.37509258,18265455.37509258
38.0823050949941,0.01215442109794864,3.7653755510113704,1.8826877755056852,8652.84989604375,4975.805867871561,6201.148256297343,19216.23514686736,6922424.4639772475,6922424.4639772475
7.4737956045535245,0.016402410773891235,3.319655118335249,1.6598275591676246,48235.71591829165,1853.3794758320487,9021.057788785534,5725.140340630344,5147884.329600607,5147884.329600607
10.324025598600269,0.012959964797593518,2.885001928502529,1.4425009642512645,23113.513818347634,1251.8907020942638,4454.443471786107,4174.729692110352,2331400.7719394923,2331400.7719394923
9.657545034180199,0.01100945593846225,1.3572329976150583,0.6786164988075292,14277.78767053098,713.9578652459812,2729.3604586150063,2345.274627577523,931201.8253863789,931201.8253863789
5.603100879723051,0.00615338382091536,1.3461642106666254,0.6730821053333127,2582.5408621083843,79.87444009467127,476.47391575502553,230.35449549762194,133031.68280778395,133031.68280778395
27.491193029223933,0.017125853971040036,2.116582989317133,1.0582914946585664,36568.03841712406,10252.278365288777,12318.506594022418,39087.335405945705,9482815.15815333,9482815.15815333
31.75427555835057,0.015988685683982595,1.1286174896182142,0.5643087448091071,25626.484774223507,9771.630889776088,11296.038184701176,37522.71057362275,8059173.022798156,8059173.022798156
43.97862803551996,0.0062968607225518634,3.209387767718659,1.6046938838593294,902.9305535891151,729.3401517381479,1087.5967530217026,2821.835225072959,948907.753825589,948907.753825589
23.43663017520519,0.0073720160611205,1.0170426959639411,0.5085213479819706,3292.6893548716316,669.3542712776584,903.4525604283172,2524.1300802672426,614007.8448305747,614007.8448305747
41.365268777482726,0.01243930673814264,2.6416591896967385,1.3208295948483693,7942.013427258833,5546.590885165828,7555.862028991502,21449.92747090516,5951708.318700281,5951708.318700281
20.616431039463915,0.008970239935213412,2.0727117701210056,1.0363558850605028,6377.72754797253,1015.6566108052356,1562.4307304318452,3786.4677625560976,1001730.2360514638,1001730.2360514638
44.26639759009801,0.010240361761113804,1.8858099381873488,0.9429049690936744,3826.0019342816086,3138.694157985845,4731.794902883017,12143.917997959148,2872311.0104229404,2872311.0104229404
19.380197352675705,0.004675723911543882,2.3828398600770724,1.1914199300385362,929.5500746156888,132.1885669496166,218.26448093754522,489.6437920974156,143146.95764316287,143146.95764316287
30.752717263036015,0.002263943011273823,2.630812730821541,1.3154063654107706,75.50493104717224,26.84990902529425,31.09895021617799,102.96004480232354,27306.848674048433,27306.848674048433
31.128566717844333,0.016201568636108013,2.512747612268991,1.2563738061344956,27293.62432212042,9964.959982434182,11527.862241805302,38232.726928995406,9868395.846088115,9868395.846088115
22.693535701025844,0.005519482661263601,1.5180628171869717,0.7590314085934858,1409.888862384928,269.23404154275977,374.6055253250207,1012.6020053435359,239395.3203765807,239395.3203765807
36.20423596706538,0.005774189118049975,1.959314408074544,0.979657204037272,1008.2203096767767,515.8549581284052,619.6928051257166,1989.7618987450612,459226.2169539779,459226.2169539779
26.4737339905302,0.006134418782050443,3.3426878690639574,1.6713439345319787,1735.8193769229115,450.251667416598,552.7714023603619,1712.6850991670817,555975.3428555728,555975.3428555728
12.000477118721943,0.007754784611509758,2.281227806072933,1.1406139030364666,4846.767770229604,319.6319733970929,956.4959573342155,1100.1028795174989,432234.78319743974,432234.78319743974
44.85850755529225,0.016917795596499585,1.982152377492484,0.991076188746242,16725.871053202358,14160.741536810865,21845.294708721223,54790.38243895393,13326678.579592446,13326678.579592446
4.834668572856051,0.005912069665295326,2.7235115492905644,1.3617557746452822,2300.958523418893,65.54212676830191,422.69158218007976,183.10698899472678,170114.0623538257,170114.0623538257
27.62714972555194,0.012190665233697365,2.3364864121019933,1.1682432060509966,13131.338321157305,3719.4659381074134,4457.910929916905,14184.711344628795,3589363.4583487962,3589363.4583487962
39.3187501583412,0.015525782777831204,2.0510435448245676,1.0255217724122838,17035.274696603963,10555.468540057012,13555.817611200815,40789.99279513151,9685900.533990305,9685900.533990305
29.491158217664907,0.0031998145328292027,3.883110416130199,1.9415552080650995,222.99605214924821,72.47426511029269,84.66265364015022,277.3621585306862,100503.20357258758,100503.20357258758
44.841102494587616,0.003025604683963871,1.3062114386218286,0.6531057193109143,95.76152048891174,81.00068451568629,124.87116948044054,313.40573471064044,66513.39731241581,66513.39731241581
1.6057477747725906,0.01187897775728539,2.2713699261901414,1.1356849630950707,18887.295777849038,418.90079824792963,3432.0084717809696,1034.2699857040327,1039939.7551176827,1039939.7551176827
10.902394187325914,0.009251191322993154,2.300720501567,1.1503602507835,8348.243743705449,484.2998632880881,1621.2104829318607,1634.2713899516684,697362.2606573818,697362.2606573818
2.54252966828333,0.006768346971072939,2.3215659382063434,1.1607829691031717,3485.9400578774175,81.41047813042212,634.7009597526772,207.01195831824012,199700.72331851054,199700.72331851054
13.351863790515141,0.014345341283260638,1.0463252380694545,0.5231626190347273,30083.99023193744,2312.41439450388,6074.2334119953,8120.175940992414,2812231.3586255284,2812231.3586255284
16.09529035608348,0.014553394327670222,3.7725056689585115,1.8862528344792557,29984.584268774488,3091.5884108567116,6415.60260577913,11187.012606688706,5698459.5454356,5698459.5454356
27.80379567265932,0.0037321028282404608,3.934808481561329,1.9674042407806644,374.6109342459903,107.52691649007217,128.47318096161916,410.21892353078937,152751.43131193612,152751.43131193612
39.38972200362078,0.01457266885432563,2.5830779671885717,1.2915389835942859,14039.803784272146,8736.292481172337,11240.3914460318,33761.13691885481,9065053.960083326,9065053.960083326
13.065832198427024,0.012936922642248183,3.8969206094113265,1.9484603047056632,22160.55371480171,1649.7782863158259,4451.515371891793,5770.714339870574,3767913.308838352,3767913.308838352
9.642447422850287,0.012578748875311558,3.8080775513259644,1.9040387756629822,21298.452893827918,1063.091576172114,4070.7241801220307,3490.88567422316,3023646.452313959,3023646.452313959
15.354976676894681,0.010304312640258186,2.5828910885278598,1.2914455442639299,10786.78093023902,1029.8266848964793,2268.4265855751514,3700.7025204798692,1326978.7564708819,1326978.7564708819
4.70686370735645,0.01590509228009302,1.0798547203490894,0.5399273601745447,44833.27408628575,1260.4299075646404,8230.615608969323,3502.306807401801,2549332.3934605294,2549332.3934605294
8.828189166805965,0.006192141463963525,2.1853124731367677,1.0926562365683838,2562.6673360924024,115.93767056500482,485.425891536017,372.9123548808418,180745.5384733353,180745.5384733353
13.046240908408308,0.011158974075679711,2.6992910072758534,1.3496455036379267,14226.171873229525,1056.7640323828277,2856.7039675996784,3695.414076894382,1565797.335593364,1565797.335593364
44.76582208480942,0.005742420360587773,1.0277993608100928,0.5138996804050464,657.2876120358063,553.7614435320844,851.1550233659016,2142.596929707751,442129.0267558063,442129.0267558063
22.93551036124318,0.003904425686374614,2.709445241860179,1.3547226209300895,495.8623320137574,96.65152592111257,133.11240053970738,363.8332212589841,106330.0894783043,106330.0894783043
26.13067256444567,0.01802533025035675,1.1480119536922402,0.5740059768461201,44508.42650249827,11241.538678007704,13917.483268566228,42725.39023319637,9691886.572357852,9691886.572357852
1.8768654717190514,0.015656032341660825,1.131832033704555,0.5659160168522775,43215.978146551155,970.8174644273462,7856.585769756785,2415.0481203698128,2187160.86394588,2187160.86394588
21.323345587702697,0.015171080892930261,1.8907907910197301,0.9453953955098651,30325.72089807268,5143.26923356228,7626.5572689804785,19237.10882176862,4855178.456342491,4855178.456342491
19.95915949695097,0.018436678033450574,2.060303326485693,1.0301516632428465,56238.3542125371,8437.103774041612,13462.954068075558,31350.716799671747,8396029.091148306,8396029.091148306
27.003099107981072,0.01997437954816699,3.6506144024115037,1.8253072012057519,58934.45255060027,15921.638795221163,19317.11051317401,60637.492066876905,21170470.690069925,21170470.690069925
32.0503722887597,0.017626264981504734,2.463255062075768,1.231627531037884,33951.57459162453,13212.414200267882,15276.91107756813,50754.4475432014,12938369.294292452,12938369.294292452
37.7502474832618,0.008380285182351375,2.391860408703078,1.195930204351539,2879.071723691793,1622.2491523284996,2007.0462891632799,6263.820187234986,1590401.0750275273,1590401.0750275273
6.106678674195571,0.006214101322615757,3.413944205158991,1.7069721025794955,2650.82022068804,86.76028131086956,490.6480064544369,255.23291713711484,281891.7891016292,281891.7891016292
9.584643201281908,0.011617441563554548,2.449905824730385,1.2249529123651925,16789.71162274584,832.2307074755585,3206.8299961164485,2729.024006575487,1366956.3780947933,1366956.3780947933
28.562716218343283,0.010499002880934265,2.8271031648553637,1.4135515824276819,8132.069817122143,2469.7301165919926,2916.363130782966,9436.137724874556,2645470.096717246,2645470.096717246
25.603402012418485,0.011848105387818384,2.172101795875423,1.0860508979377115,12843.959192040367,3112.5692555336277,3907.927410297091,11813.931128661176,2946703.9565996756,2946703.9565996756
31.3257136259287,0.010983693118122695,1.8336819085572762,0.9168409542786381,8442.34947589187,3124.978070140908,3613.6432208910055,11992.931271877562,2719390.861253754,2719390.861253754
26.10090152779117,0.013181422174445855,2.1132588657862943,1.0566294328931471,17421.128715958206,4389.869005422956,5438.944434556004,16683.215330700234,4094035.661556845,4094035.661556845
44.691803870782266,0.009682538177208929,2.236920661295466,1.118460330647733,3163.175523377579,2654.5195935177358,4068.281677129024,10270.77086411509,2660103.1732463986,2660103.1732463986
21.151500808794385,0.007715338867659422,1.6379375802252998,0.8189687901126499,4005.6411794402757,669.1166112247012,1000.8401803206209,2500.7503524228246,612680.9009555839,612680.9009555839
20.579021937345864,0.011621864820122613,3.2575697462314457,1.6287848731157228,13882.58716467992,2203.3780260874473,3396.411047554984,8212.927798726241,2945429.2671681787,2945429.2671681787
24.88566801991622,0.015177219809615313,2.999226758707253,1.4996133793536266,27578.03011770827,6311.894582346265,8095.579978291615,23909.987778245635,7270037.915166503,7270037.915166503
1.0708609219382448,0.00968469731945579,2.824723765881897,1.4123618829409486,10243.409709927135,222.7580675987897,1859.9617576429584,543.4923667624221,739984.4854665919,739984.4854665919
37.190149712965805,0.004299528635588079,3.7098777314212192,1.8549388657106096,398.6645678851955,216.98842565737425,265.3769624910149,837.544218168445,294728.25898435205,294728.25898435205
21.7953278522797,0.003933728414414861,3.657006988009384,1.828503494004692,522.4274350265985,92.3457310007078,133.81177223285084,346.0934522179155,134135.32899962156,134135.32899962156
39.986518883586264,0.01921804494979907,3.0519596052555387,1.5259798026277693,31305.69630203712,20180.985991087604,26388.447929782516,78008.29184773604,23748249.74367338,23748249.74367338
19.983369779506432,0.004834960077071409,3.3419639523656586,1.6709819761828293,1013.7231233227845,152.4205542220804,242.8773856181963,566.4382827316005,212156.58025153633,212156.58025153633
38.66206627859202,0.00874449198023727,3.1440486115831394,1.5720243057915697,3137.9239830122388,1869.15838933339,2361.1820973570893,7220.80426378437,2221820.033785025,2221820.033785025
44.130428461341324,0.01724258772315166,3.176008286469236,1.588004143234618,18393.90118899085,14979.750740323992,22466.350021461083,57957.6585931999,19353598.31015542,19353598.31015542
19.04208204750507,0.019307035246519076,2.126815243005942,1.063407621502971,65939.42781751488,9084.745116921124,15315.679461407204,33585.42842928,9331389.75501556,9331389.75501556
2.164488699552324,0.007548155211028714,2.104377298887909,1.0521886494439545,4839.877677521516,110.42533117588076,880.4082746494128,277.16227456295525,249551.76660325215,249551.76660325215
20.763080707079247,0.005700126097930278,1.7283559940674755,0.8641779970337378,1630.7015903725628,263.1316992884664,401.6236254376153,981.6669991679631,244709.37989484303,244709.37989484303
22.28556326758593,0.005785660606987999,1.1994623896815306,0.5997311948407653,1641.343454595241,302.694457580876,428.77366535570366,1136.6800187049828,272789.30396388273,272789.30396388273
32.64054816095414,0.018236209422736037,2.3637170617889636,1.1818585308944818,36756.28578688072,14891.129095340366,17243.468128382334,57244.18382797766,14278541.795392737,14278541.795392737
23.569030300207427,0.006649272265247149,2.9772093443820142,1.4886046721910071,2407.319863256238,494.7926725766464,664.435478195739,1866.6923579218726,577069.9452985936,577069.9452985936
6.9953744705906935,0.01550206927730501,2.1890258172893704,1.0945129086446852,40881.81839715679,1483.8587787153199,7615.9518424316875,4510.104740124082,2606920.729048045,2606920.729048045
21.274152417668162,0.003740608705819516,2.1043683910056226,1.0521841955028113,455.11199532081514,76.8529844535365,114.24133208876653,287.38689925158667,75479.89273852289,75479.89273852289
43.52311253835245,0.013674811024024484,2.197218538547439,1.0986092692737195,9467.57578709038,7460.520254526337,10938.734719048276,28863.694362963768,7309293.687649116,7309293.687649116
1.7755275481162591,0.01544024225471195,1.4480540144045584,0.7240270072022792,41462.26520406421,926.7832579905,7536.32812746539,2298.788699590857,1840675.196585042,1840675.196585042
4.223201079420697,0.01708802233527875,2.114551590809761,1.0572757954048806,55735.9943489697,1493.7772922646134,10208.705492660027,4066.0388339977662,3054183.943628031,3054183.943628031
27.63792422990415,0.004678061782244775,3.201596126915593,1.6007980634577965,741.7750024024813,210.27909115361587,251.97785952891977,801.9471936424484,248064.28102510943,248064.28102510943
44.189172269478675,0.014825766078938858,3.1247324699479857,1.5623662349739929,11657.185197535335,9523.500711279368,14315.089122271776,36847.1995229117,12135727.047144204,12135727.047144204
37.42984843329,0.015584591455542177,3.1816500471427025,1.5908250235713512,18784.500536684965,10377.265748633683,12752.73756285809,40060.84884665659,12315222.12851598,12315222.12851598
5.68437197026128,0.01128886794556233,1.0815384935687646,0.5407692467843823,15937.83340318402,497.39687594345384,2941.9662078664983,1439.1630772635556,940297.5573587132,940297.5573587132
18.641367264596415,0.011194356446511152,3.2358887811801957,1.6179443905900979,12965.721904007954,1719.8368790008947,2974.189109986326,6342.632291730111,2415728.5781419734,2415728.5781419734
16.325831953902,0.00424406438667017,2.3683090873036283,1.1841545436518142,740.4199826255326,78.1656278427036,159.3193926340843,283.4147647237691,91416.35301537337,91416.35301537337
9.290865037304032,0.014513353504675731,3.8935911385171673,1.9467955692585837,32839.15951388713,1571.1190814521794,6251.452726764711,5114.842711738372,4758733.242164697,4758733.242164697
31.247656712006254,0.014524976879205249,2.8399858719253457,1.4199929359626728,19580.45847091856,7208.516910232491,8336.909035399663,27661.62158649126,7687738.8279824,7687738.8279824
41.935138006894235,0.01085698501504952,1.7424490553601224,0.8712245276800612,5133.835318672434,3703.6100281116046,5138.640438672068,14324.803104465867,3237187.6525589335,3237187.6525589335
13.77564044961763,0.011083532516268396,2.4515844680346683,1.2257922340173342,13783.780270100295,1110.375281945997,2805.160656603711,3920.569028068514,1462918.6431816886,1462918.6431816886
39.30212793083646,0.00933989532519601,3.030517563042476,1.515258781521238,3711.5275847391868,2297.4722920561494,2949.243149094464,8878.163512473748,2668649.6013179338,2668649.6013179338
36.37406723744072,0.01889583263277595,3.4662584273012285,1.7331292136506142,35074.30074237174,18139.40888659404,21853.16128265369,69976.29905469439,22963325.1572268,22963325.1572268
34.18154216600799,0.007690678073198405,2.8342928020100415,1.4171464010050208,2593.0899772586395,1164.3936253600045,1362.1921429656145,4483.537970654793,1244696.0172774633,1244696.0172774633
24.789296362256433,0.016964947771436745,3.9786879722561843,1.9893439861280922,38624.519978765544,8771.886766491887,11285.232128052741,33219.429943349074,13087340.486808414,13087340.486808414
11.395882858875567,0.013979015967764744,1.4508023409730424,0.7254011704865212,28621.626136999497,1759.5438578495477,5597.112014635887,5993.0309707569295,2087233.9392175958,2087233.9392175958
15.906894465702901,0.01049770973748644,2.7483063413354363,1.3741531706677181,11292.732655954913,1141.9584629457238,2405.3367260304303,4125.214700418896,1517859.5098353876,1517859.5098353876
10.565635799193373,0.011184087882239744,1.3728909520645967,0.6864454760322983,14811.58656705952,825.6479631256559,2863.4206025880867,2767.3522577161975,1025494.5691449037,1025494.5691449037
24.953639689444028,0.012711256097666226,2.7597430358375434,1.3798715179187717,16169.227086211367,3720.963440073143,4762.317812042712,14098.053938050434,4035792.9512780174,4035792.9512780174
13.344191715410796,0.012186948824047103,2.4614297531910196,1.2307148765955098,18447.556388127683,1416.765759493587,3724.2101488972116,4974.544374026986,1908393.8383108322,1908393.8383108322
13.088984285504148,0.01353833350305394,3.039988257924443,1.5199941289622214,25388.2208614865,1894.9823616963363,5101.963198078974,6630.54492907578,3166535.126514719,3166535.126514719
33.105481790744925,0.0036760946380036547,2.478220804535194,1.239110402267597,295.66191275554155,123.598954850109,143.4293127352253,475.38912594213576,121505.79755725621,121505.79755725621
39.80732907551709,0.006839140510658251,3.9069281758528898,1.9534640879264449,1422.9714154787819,907.6624346626264,1180.9850769872112,3508.2582831509644,1341012.4175330503,1341012.4175330503
28.399059041333505,0.0032176257180665958,1.1956456448014363,0.5978228224007182,235.37147541302596,70.6238190165626,83.5883386470327,269.7498871031476,59390.840364884694,59390.840364884694
21.239398461175966,0.004047592338181935,3.4849248247866296,1.7424624123933148,577.1056394576473,97.15474962834878,144.6732292925827,363.2480434762347,136272.94105809613,136272.94105809613
27.76414814608749,0.017299597754999497,3.8839253096936135,1.9419626548468067,37358.7073516359,10691.450070836729,12782.935043476664,40784.93684688361,14995016.387427654,14995016.387427654
27.20101076544644,0.0028662740515048276,2.109764057967735,1.0548820289838674,173.04494189244278,47.45996326032598,57.347225697606916,180.83037447900793,43914.87455900858,43914.87455900858
34.98512792915163,0.011243252278485058,2.0825762716718685,1.0412881358359343,7838.313491585934,3709.262305036171,4377.801766274302,14293.270276259675,3370901.6063375,3370901.6063375
14.291576535025868,0.008587498304306461,1.2390620206212954,0.6195310103106477,6357.953164045292,541.8665726295429,1307.0850383266502,1925.1701406674115,589507.3743810281,589507.3743810281
9.7105014842732,0.01642725777809504,3.9095617834776166,1.9547808917388083,47402.77971198184,2385.5149678993203,9067.192637300697,7845.997821616438,7021056.012907071,7021056.012907071
21.591753451862704,0.009532032378695663,2.659549364518484,1.329774682259242,7471.443398385717,1297.4070725366373,1898.4916690635082,4858.2660276147835,1441459.5762611283,1441459.5762611283
0.9874293946647461,0.007266393484931333,3.6907397686413552,1.8453698843206776,4326.986696825159,93.87230558659626,785.6096630224636,228.69692898940673,478534.4303972059,478534.4303972059
16.140517332672708,0.019287071061145106,1.2309913107995314,0.6154956553997657,69733.05915762394,7223.365185993414,14936.700712549784,26148.441698653805,7409813.858491603,7409813.858491603
6.133951120842436,0.017569927730950594,1.8416848510652766,0.9208424255326383,59906.3068226942,1966.823680115197,11090.264268852588,5792.111507076428,3252238.7042726255,3252238.7042726255
21.211382063179972,0.01340858400594722,1.1282155339377944,0.5641077669688972,20994.931837591255,3525.7139963309264,5257.5962385500015,13180.50700514892,3275123.9369047973,3275123.9369047973
29.679274699106884,0.014872287143183876,3.272642955512742,1.636321477756371,22243.150957351336,7327.8473724300875,8545.552740532254,28052.812446448763,8703738.642633721,8703738.642633721
39.75056589317635,0.008604943027798944,3.7707829257308205,1.8853914628654103,2841.8626127375346,1806.64826179294,2347.037598438334,6982.8172877745055,2570696.35912127,2570696.35912127
5.19342679428608,0.018905295083398957,2.745027188864522,1.372513594432261,75084.50094248934,2221.007007474476,13819.85946949777,6298.811634649636,5674503.156926514,5674503.156926514
35.69176792820217,0.005473462101217512,1.367938286550367,0.6839691432751835,877.8239960384778,434.7317158810572,518.052706435919,1676.1885462430791,355808.5611731189,355808.5611731189
33.05299091160369,0.018313733954418238,3.160869662873583,1.5804348314367915,36632.19320443729,15259.85655081099,17703.15974684817,58689.375552358164,17600176.76690092,17600176.76690092
14.594496267466825,0.013917511830271555,1.9034486279641964,0.9517243139820982,26928.712046319204,2371.323084188535,5570.545309452603,8453.88238460605,2612420.4480543607,2612420.4480543607
23.52527085581547,0.0040169501146894325,3.2969604604312126,1.6484802302156063,531.4031972795086,108.82638951955325,146.38381279450476,410.5064629019477,138164.61079038528,138164.61079038528
39.33648718817075,0.004613832022275487,2.2943208086233104,1.1471604043116552,446.6970629082558,277.07733016475925,356.0000610505502,1070.7314768466929,268291.0811428782,268291.0811428782
25.669199257550655,0.007023355909742815,3.482817611522459,1.7414088057612296,2670.0898563792525,650.429212265809,815.1443972134244,2469.1665991298623,840312.4864787564,840312.4864787564
40.70781327256981,0.010018241887672323,3.675720465723657,1.8378602328618285,4283.868176695624,2880.5122822640237,3845.7267098584202,11137.350126384063,4049964.5976758203,4049964.5976758203
7.9975670731974215,0.005402235704940239,2.795016373128375,1.3975081865641874,1715.3677051570871,70.19231890324436,322.2967285521611,220.44847361177037,148422.11038930775,148422.11038930775
35.68706434758316,0.019166937784827857,1.5627741699739806,0.7813870849869903,37702.158137069,18665.924447527013,22241.89636053113,71969.65357192459,15592727.910178391,15592727.910178391
5.901646955870695,0.01284589628024413,3.8272706071293214,1.9136353035646607,23450.28518228339,749.8745169082503,4334.633911509806,2188.4627742145253,2974629.266741244,2974629.266741244
17.9597936173863,0.01527138113333477,3.823721977870604,1.911860988935302,33397.001164018446,4148.78559785098,7507.344374710799,15232.501339725455,7156471.257319014,7156471.257319014
1.355831225314708,0.008399016930881867,3.9942608461803424,1.9971304230901712,6678.8372594805105,146.63624509447413,1213.1495789579114,359.85522680541953,849025.0106184965,849025.0106184965
24.834590572457685,0.01976772346491932,1.9958711407420509,0.9979355703710254,61024.35601950469,13909.65637354404,17869.261198345164,52683.223982077034,12832606.276287967,12832606.276287967
36.61595421956602,0.002742132391501639,3.1469117699073035,1.5734558849536517,106.06804045251155,55.697134094295,67.3851374857419,214.899721279727,65100.79602476146,65100.79602476146
23.965902306455586,0.01121791594058268,3.4202981692601755,1.7101490846300877,11432.852326354203,2428.216385570219,3212.915419342469,9172.754489987043,3162649.3858496416,3162649.3858496416
26.670100790928668,0.01949004425788882,3.454835606355237,1.7274178031776184,55329.474353902915,14570.905894790187,17807.49625722124,55451.02524021517,18481022.47338246,18481022.47338246
15.933820058401684,0.015171229179441604,3.9437118328182548,1.9718559164091274,34069.27940257115,3454.7950528922966,7261.361639882866,12483.1729242952,6789016.301382371,6789016.301382371
26.702057756278954,0.003939563836697761,1.3028129827918642,0.6514064913959321,456.48512891689796,120.5103922303581,147.17270296672828,458.64829820154796,102421.13977679987,102421.13977679987
36.02027750798213,0.01638166050109243,3.562110778018221,1.7810553890091105,23205.777752024012,11735.502528549292,14055.672181742417,45260.03221918043,15186844.535281884,15186844.535281884
30.384490918287323,0.00555101076685728,3.5318430191147963,1.7659215095573981,1127.9462969021802,390.8005017540894,453.4503097027995,1497.759077913862,494244.61642822635,494244.61642822635
25.054519008666436,0.0182838984686026,3.9058084535005047,1.9529042267502523,47978.35102635856,11130.662790354452,14201.344460978435,42184.06743562478,16217297.679682046,16217297.679682046
42.46051604685151,0.018199538923827058,1.8471745611858932,0.9235872805929466,23555.451220071278,17502.96439164025,24716.225584913776,67705.49448984273,15675482.03654651,15675482.03654651
31.201962718526055,0.00630565328524755,1.470492951970118,0.735246475985059,1604.729640082078,588.8997007239868,681.147559959225,2259.6727040733667,490775.6511372054,490775.6511372054
40.13974136180352,0.006909974251910366,3.6132625838770096,1.8066312919385048,1444.615856674366,939.688767137805,1234.0280166903083,3632.5212244917775,1288227.0018509543,1288227.0018509543
22.890227433141533,0.009718810434302652,1.3485159746618378,0.6742579873309189,7656.941722408639,1486.7613366238977,2051.4964246006684,5595.819996419604,1314553.5824661385,1314553.5824661385
14.298971858538794,0.01544093242678204,2.0288733630515,1.01443668152575,36956.00993124297,3152.1601705936455,7598.649087757115,11200.107484435941,3606794.995431993,3606794.995431993
26.15936436293502,0.016658644067661287,1.3569363177387355,0.6784681588693677,35101.72877373123,8885.524050396445,10992.67957860742,33773.35021518562,7586520.623560102,7586520.623560102
3.882796485071604,0.017670799625578645,1.1599207083375576,0.5799603541687788,61732.152151044436,1602.7685357375651,11290.513494734756,4299.943414469723,3216664.616197908,3216664.616197908
5.113046177466743,0.008630971305400734,3.282049489066032,1.641024744533016,7147.9902166501415,209.63442221799858,1315.0543179878216,592.5431088330195,695553.9844647439,695553.9844647439
5.023824389995847,0.006991133711787886,3.5190920518617395,1.7595460259308697,3800.769784503771,110.42118038192413,698.9084716002251,310.95048179151723,411635.2418857257,411635.2418857257
18.17874093769378,0.005654490302852326,1.2216225734353454,0.6108112867176727,1687.5786032752205,214.13528429869302,381.77715848271544,787.3696821909971,208379.31137000272,208379.31137000272
26.943081862628038,0.011494681130631141,3.387507989576757,1.6937539947883784,11252.991232885475,3026.1767622552634,3676.219231082412,11523.625206753883,3762801.6118596965,3762801.6118596965
32.62272763726131,0.01473633525903831,3.931831588232309,1.9659157941161545,19408.70637954426,7853.585032682799,9093.618494933107,30189.96358857009,10986980.56153243,10986980.56153243
10.34314708449765,0.004792401272800244,3.8174010387766213,1.9087005193883106,1168.4652685020421,63.43175551493083,225.24185056552747,211.6150048850473,171172.6720114463,171172.6720114463
35.8639948679467,0.00628701290255051,1.3186222629411315,0.6593111314705657,1320.577421897249,661.228018332048,790.0165377152359,2549.834174582077,539075.3182836237,539075.3182836237
44.52569850042018,0.007656259165420782,1.5711449096170913,0.7855724548085457,1577.5365711572238,1312.215171330512,1998.108201890557,5077.150365137658,1125309.490387017,1125309.490387017
41.19190013116869,0.016582239858291194,1.2771494583939211,0.6385747291969606,18974.130893625712,13120.128137563886,17776.344332458746,50735.99196415526,10651752.961578414,10651752.961578414
0.2613936353914287,0.008954673734844775,3.13470620971967,1.567353104859835,8102.185458749733,173.55559367770678,1470.35392332416,419.4988683651699,682893.7728478543,682893.7728478543
7.437384143097262,0.012695794709167872,3.891844042774021,1.9459220213870105,22374.83934726446,855.9802061148721,4183.261338599134,2640.9849483300354,3044366.028468385,3044366.028468385
8.343963299801427,0.018101175834807373,2.377307984322149,1.1886539921610746,64321.04225417912,2744.4191519634082,12124.737713134587,8708.507400226681,4746411.178230245,4746411.178230245
12.6489707759845,0.007404818484975075,2.492804987986916,1.246402493993458,4181.225250569421,296.97515190266836,833.8875308526042,1032.5582931508704,417637.75961713993,417637.75961713993
4.463758248066711,0.0031943956930252605,3.487521309002124,1.743760654501062,363.67174362500936,9.977646349743749,66.68464007811566,27.43925873037502,38321.10432802479,38321.10432802479
40.73542666676809,0.0023968978534838377,3.755087799714051,1.8775438998570255,58.590826135646154,39.4601857608062,52.72609326008341,152.5721445948505,56724.09556005692,56724.09556005692
20.20717822729506,0.005147996920447471,2.869467504935577,1.4347337524677886,1217.2679033426728,186.8034134773439,293.9106681157744,695.0147533798643,225876.45721621206,225876.45721621206
1.9577662289837576,0.018541147906216256,2.8578185257074114,1.4289092628537057,71768.25702343773,1618.9548409512126,13049.422700848383,4037.1306110423275,5319723.713775297,5319723.713775297
27.882265950965717,0.0064956157712050995,1.2748414529694427,0.6374207264847214,1969.978607137142,568.7899701606185,678.6807270185071,2170.3004481385155,479027.86613710405,479027.86613710405
43.43689611453745,0.009960804660994353,3.611824568298735,1.8059122841493676,3675.1710791654423,2882.445140875409,4213.009469660937,11151.660440750418,4169439.275871053,4169439.275871053
11.903875462762871,0.01645276673328476,3.8624687112326077,1.9312343556163039,46348.41365209546,3022.660655585327,9133.00358445622,10386.66714159862,7380527.54783185,7380527.54783185
3.2096956473115594,0.008742790610868544,2.891898442780654,1.445949221390327,7496.7589607478985,183.78926772193955,1367.6945828992068,479.47707432822426,577175.7685314948,577175.7685314948
7.524329488044164,0.018283240260693806,2.2181804038243547,1.1090902019121773,66775.5247284831,2581.313109493857,12493.750990891664,7986.921265360941,4427701.31407279,4427701.31407279
35.68124373469116,0.011385396442335884,2.2881318530547796,1.1440659265273898,7904.238131727794,3911.8455287766365,4660.865172589756,15082.716954973188,3713595.1707604383,3713595.1707604383
20.29293720380337,0.003002248378324953,2.8215954533973613,1.4107977266986806,240.9542964629564,37.26652025903931,58.353663281167925,138.7126003677642,44382.65021689078,44382.65021689078
42.062440937934944,0.013751813341304694,2.9812584346167883,1.4906292173083941,10366.741338266998,7532.678554490115,10495.400051756344,29135.706551834322,8924359.099886965,8924359.099886965
13.005419525350595,0.008159105943183479,3.9650286847463265,1.9825143423731633,5564.269692043556,411.4401139026685,1116.5384656868398,1437.9467257447684,966518.5954409761,966518.5954409761
8.495805655760742,0.011160244582403014,3.3156148329167805,1.6578074164583902,15052.877684748415,654.1698109208203,2841.744174189645,2084.8555798055827,1668247.0048886167,1668247.0048886167
20.12610111305627,0.011726178059539802,3.87245809450174,1.93622904725087,14413.382510233903,2195.6152078074183,3470.326259369462,8165.559121459926,3555244.5029162085,3555244.5029162085
43.76063821888254,0.01167909667061634,3.5525249178504583,1.7762624589252292,5826.37326162362,4650.999287663298,6879.337063068481,17994.49635086892,6654555.516248552,6654555.516248552
40.172024454912105,0.0025713444463088173,2.4121956818514216,1.2060978409257108,74.3248335829401,48.43825131897977,63.66882376588029,187.24830499077126,48523.40524186257,48523.40524186257
12.398567537511989,0.01570258799673137,1.5936587114109249,0.7968293557054624,40016.31477997865,2762.3278346711727,7947.574121865262,9567.952654618899,3147903.2079867963,3147903.2079867963
5.45604246010335,0.016611874283506613,1.5074716656060876,0.7537358328030438,50858.51233685871,1547.753944777519,9375.030849570778,4437.1254738653215,2547493.517402587,2547493.517402587
17.85833089432937,0.0158724549970716,3.3053131684032264,1.6526565842016132,37576.65257602049,4622.137639348221,8422.343258706676,16958.594936873822,6811331.286018127,6811331.286018127
24.376731835140138,0.004652527707443796,1.7077377113747123,0.8538688556873562,806.1848618241224,177.07639549120088,230.94053968546598,669.7743029980245,157250.12350757248,157250.12350757248
1.5839192284718244,0.016881345315289287,3.7438378220837447,1.8719189110418724,54208.94339333364,1201.1581724509279,9849.94879481693,2963.997667796025,6165972.812106308,6165972.812106308
25.572264444452557,0.004688384258604315,3.2352493574514942,1.6176246787257471,796.577666510345,192.5662998521966,241.98378589235887,730.8361671842347,233609.0889191669,233609.0889191669
3.537334471168367,0.008224122694034663,1.386874504221057,0.6934372521105285,6232.258564100537,156.96428675322272,1138.3164175329794,415.0357631932011,292287.4699954614,292287.4699954614
22.58121249507796,0.00561913273240199,3.1469318260146677,1.5734659130073338,1492.0620807060159,282.21496651117013,394.5736495524451,1060.9779030070765,350036.9820367435,350036.9820367435
22.02090591215517,0.01773458604059964,1.8230424789177446,0.9115212394588723,47596.363646145,8579.621608491883,12301.063704368717,32184.4113899468,7939129.585472735,7939129.585472735
27.62571461633158,0.010369146661220014,1.0919920622708412,0.5459960311354206,8081.2050393229365,2288.762818810915,2743.2340640269053,8728.495750062963,1955747.5398995704,1955747.5398995704
5.214134202671021,0.00883658173850287,2.626488893494751,1.3132444467473754,7666.541302144952,227.28044271767317,1411.2476023404733,645.1245121294523,548032.0869819988,548032.0869819988
11.616444663439275,0.01801069771348248,3.1610728407082287,1.5805364203541143,61036.9499292847,3850.0912801808754,11974.974538789462,13165.053212082992,7348009.624398982,7348009.624398982
21.940120463209272,0.0031469185577740573,3.121364922882036,1.560682461441018,266.4810472283945,47.70032592181303,68.64846420259451,178.8778235994675,59497.90835629749,59497.90835629749
36.52583038184495,0.017974842932001252,1.679364613048481,0.8396823065242405,29993.110015097343,15660.620573474185,18916.68215611836,60420.49366268134,13303758.33174895,13303758.33174895
40.205790158571126,0.005453678042906247,3.8144515294041366,1.9072257647020683,707.9791070639567,462.31185357452705,608.2615017064411,1787.1869518044505,670037.9365124305,670037.9365124305
36.63099226462065,0.010550139024263109,3.9161404612620787,1.9580702306310394,6036.825346530056,3172.9784512370334,3839.8611227026013,12242.629685706543,4524180.02586542,4524180.02586542
34.816982191664934,0.013148386276472154,2.6756383535539494,1.3378191767769747,12624.111947111725,5909.182429375062,6960.038539916957,22767.0409050281,6098511.754941819,6098511.754941819
37.07493420110896,0.010527649782607205,3.803723291515453,1.9018616457577264,5882.407947693592,3178.8589038916316,3878.9954359663043,12269.018530415246,4420117.160892734,4420117.160892734
43.38363097844405,0.013058892260858775,3.302335139131671,1.6511675695658354,8304.196685183968,6494.033354338893,9473.386237633138,25124.08252275914,8588810.129034923,8588810.129034923
27.39625387544435,0.013755656068873802,2.397686592596266,1.198843296298133,19007.388503962644,5290.827057681145,6368.582416677204,20167.46621384986,5178389.3069143025,5178389.3069143025
17.90139442222187,0.010824882650150292,3.8872771392408065,1.9436385696204033,11908.811186031195,1471.0079948709297,2672.5038140071315,5398.7254761272325,2594087.8006671853,2594087.8006671853
33.75921561837791,0.010167148490240722,1.0925105044639403,0.5462552522319701,6094.512196918423,2661.378411656777,3101.9939974141416,10243.404437452406,2175455.4854293764,2175455.4854293764
36.52844629990705,0.015911365966076396,3.1855631607745503,1.5927815803872751,20801.71289775494,10863.20691530568,13122.424129266034,41911.59247812134,12814163.643315632,12814163.643315632
6.471168133143345,0.009182455158780078,1.4459979795941762,0.7229989897970881,8530.73390435626,291.1731333177125,1582.9722302206017,868.4666733828255,451869.17081010196,451869.17081010196
37.61615035144879,0.0113485861453303,1.0578404038166,0.5289202019083,7193.136287595016,4019.739860557851,4959.059082382261,15519.753476134912,3241013.958937713,3241013.958937713
19.50733490003135,0.017486410242550415,2.5059678916557546,1.2529839458278773,48482.20557442029,6976.541232467485,11431.474039457491,25860.43401035233,7773430.602091987,7773430.602091987
14.61433814418209,0.005244658476379586,1.3505957242661895,0.6752978621330947,1440.5806109102698,127.12719799645133,298.12558867228665,453.31399263344076,134268.81316100992,134268.81316100992
27.166262175624137,0.010381835068260951,3.3258646559811176,1.6629323279905588,8232.114127919587,2251.8113532513435,2722.8378588703276,8579.122082135676,2750961.3539769785,2750961.3539769785
22.18929857021326,0.019978193997531445,3.3719983273212777,1.6859991636606388,67747.5907160073,12390.881792561931,17628.57187660586,46512.71691040052,16471750.720216649,16471750.720216649
5.286043243864322,0.016915180826090795,2.7974329135869778,1.3987164567934889,53751.38421835046,1605.8677844062136,9898.517581373731,4571.746288112038,4177981.137210949,4177981.137210949
31.57345124633032,0.01780710212454254,2.7814955879679584,1.3907477939839792,35643.66518292926,13422.499362479804,15517.122860560958,51529.63674907721,14118359.476856312,14118359.476856312
16.972258470223913,0.005318291068425761,2.8455563155631936,1.4227781577815968,1438.967780532338,162.16772137140876,314.7821264763039,591.11856650288,213790.3412856659,213790.3412856659
36.53387424068228,0.011502049400751398,1.9805364676686101,0.9902682338343051,7855.967886408878,4103.996431439655,4957.977639328888,15833.785719429612,3671244.4795571235,3671244.4795571235
24.133587017464023,0.011234680771822336,3.919005177259239,1.9595025886296196,11430.093379568838,2461.2590094924526,3237.1561754798654,9302.499826762867,3655501.0672697127,3655501.0672697127
22.80212710606277,0.0038155476042624954,2.2028003736143758,1.1014001868071879,464.41646571239926,89.50657586313753,123.96315111704374,336.7734548117279,87773.43282327916,87773.43282327916
32.90391012458217,0.002426827447028129,2.066746113456226,1.033373056728113,85.74091492658093,35.36033127616101,40.991436628233345,135.9728880871946,31968.743349161465,31968.743349161465
0.8371989160801202,0.0080418992124358,3.7874204470754886,1.8937102235377443,5866.410383375527,126.78389628141628,1064.9586002517563,308.14964200081863,677903.1122673659,677903.1122673659
1.6072255415224497,0.0077041280443614045,1.745250750129494,0.872625375064747,5152.308718339611,114.28030104982471,936.2277441772824,282.16997548710054,232940.51206249988,232940.51206249988
27.066041517487793,0.003766054267990522,1.2357534310157292,0.6178767155078646,394.22014725140843,107.01475690128565,129.66611400654224,407.62254068521446,90827.31869123064,90827.31869123064
38.93900340947492,0.01833243025653678,2.317225914999635,1.1586129574998174,28545.47401517618,17289.772589460634,21990.195246340398,66801.83492925894,16785442.233392447,16785442.233392447
24.378113047041545,0.011001849270802331,2.175884053462074,1.087942026731037,10659.766101370597,2341.6528808418134,3053.8068565502867,8857.112222732487,2243220.451335001,2243220.451335001
3.9391712294373398,0.005665910804169319,3.7396820141446696,1.8698410070723348,2034.430950737733,53.09271712718997,372.1740678079386,142.77944499303845,237964.45530183366,237964.45530183366
17.782705979823067,0.015503999261978782,3.8441230986206376,1.9220615493103188,35074.72006755456,4282.663540190059,7844.665173414462,15704.791365178695,7488301.070583507,7488301.070583507
15.80456147199534,0.009154813878981769,3.2018295736541384,1.6009147868270692,7503.71976244648,750.8056690363761,1594.4191189120618,2709.6638933750096,1161365.881381491,1161365.881381491
2.2314107321253833,0.004794344509154443,1.5231606877464476,0.7615803438732238,1240.0149477961616,28.402153104562814,225.6018219875719,71.44534737137081,55288.380402463474,55288.380402463474
23.357803242433032,0.01230505766708941,1.1996855586516495,0.5998427793258247,15345.443812961887,3099.049922109828,4195.83348327687,11683.350794248192,2748980.218924333,2748980.218924333
22.402499092002223,0.015184766696818027,2.965040240756606,1.482520120378303,29582.91209463057,5510.6443215717745,7765.282139916105,20702.99038821254,6532351.812721048,6532351.812721048
20.687772816533975,0.018330117949551167,2.7507680188181762,1.3753840094090881,54325.703446132386,8707.045115417463,13343.217556553916,32471.816896953613,10084578.791390937,10084578.791390937
13.940516772060855,0.01586790868100798,2.365303485441216,1.182651742720608,40341.48495312431,3309.1282437989735,8236.073603602044,11707.871644692297,4213866.728429107,4213866.728429107
13.344569043605176,0.0038626335007189293,2.5217371523473746,1.2608685761736873,587.3566365436625,45.11067600558151,118.57692869878586,158.393291199629,61989.322003786714,61989.322003786714
35.15601920393511,0.016992090679305433,1.340349447622081,0.6701747238110405,26864.919629488155,12854.36787172591,15204.153440442657,49540.373381550795,10506737.726553692,10506737.726553692
30.936598604268617,0.015660781605681885,3.8574459515336557,1.9287229757668278,24825.53909192368,8942.881385825609,10351.15725721177,34301.96724354629,12269343.479258122,12269343.479258122
28.29149480347693,0.011394088552235813,2.8980614405242275,1.4490307202621138,10489.365172013295,3122.374507349082,3701.4129284911596,11923.538611389005,3406004.4670194676,3406004.4670194676
38.314131918353496,0.002081574687897909,3.7794702454872158,1.8897351227436079,43.00780083478858,25.083582459497315,31.426476099626488,96.8835081823165,35120.79896210367,35120.79896210367
40.06253185045294,0.0199493427306807,1.4566869072855737,0.7283434536427869,34890.64598215791,22592.825935923778,29605.0675023438,87333.69177736864,18704216.153938692,18704216.153938692
17.114605667534978,0.01570813596467577,3.313248300941769,1.6566241504708845,36973.55477208375,4226.484997077092,8118.734836335562,15423.010588401718,6420668.716638807,6420668.716638807
1.7474309956796548,0.018897281682139097,3.27402585875722,1.63701292937861,76017.42749475056,1696.9018368897096,13816.493176830078,4205.676951773012,6924931.677129764,6924931.677129764
10.363218577159891,0.012938693052453154,3.6959327976508343,1.8479663988254171,22989.21866630067,1250.9919301659172,4432.704978094251,4175.228771068328,3214974.6739946282,3214974.6739946282
5.045755959036306,0.017092708761138053,1.0862318533236937,0.5431159266618468,55540.11439805631,1617.3039486681798,10214.262131018297,4558.574329210296,3181668.575717372,3181668.575717372
14.28536700128045,0.007238735789536288,1.1332295256987899,0.5666147628493949,3808.463867111117,324.3638736694314,782.8561946766998,1152.3330130473084,364347.15158106975,364347.15158106975
8.393641571848761,0.009664451830428435,2.623106215409841,1.3115531077049205,9784.939131987627,420.0139697267607,1845.3860262111184,1334.6909787649442,801348.7804115077,801348.7804115077
39.87316506485401,0.010564911680586521,3.1260672466242667,1.5630336233121334,5229.174615741716,3348.497130778995,4364.7164178531,12942.814452171186,4013243.9440279803,4013243.9440279803
43.33697534582055,0.011902308641831142,3.8517950795194564,1.9258975397597282,6302.438438354055,4916.032906858911,7159.314768275746,19019.012165549262,7601602.288254611,7601602.288254611
44.25521918019649,0.01824518711990159,1.9711053704230186,0.9855526852115093,21651.934135951433,17751.70378249945,26750.46914015613,68683.0539858217,16570706.539432183,16570706.539432183
14.184477988753809,0.01367183121239578,1.6087609964117804,0.8043804982058902,25701.54635804097,2165.129196852171,5272.457261143085,7682.769579355116,2314922.1277819774,2314922.1277819774
1.144131379883298,0.015888547547494886,3.4114136902844514,1.7057068451422257,45227.113932500455,985.7472425623428,8212.86101733693,2408.375117836847,4384883.954004103,4384883.954004103
21.59805428964579,0.011686383197407077,3.6326647463189037,1.8163323731594518,13766.37198165619,2391.832765166211,3498.8885729142503,8956.68875599854,3467225.3072497845,3467225.3072497845
7.614771417391101,0.011200951666556736,3.327677907628024,1.663838953814012,15342.042080859483,599.5362721008584,2872.7431155273903,1860.4806784667517,1651683.2554717667,1651683.2554717667
22.54967260790326,0.016114214817705908,3.378510590959907,1.6892552954799536,35218.21053334804,6643.429814686508,9301.142996111792,24972.783272502653,8781175.780156998,8781175.780156998
7.344299965115038,0.015664068630278624,1.977828942624376,0.988914471312188,42056.682599642605,1591.141430001952,7856.912341683298,4894.081893991236,2536273.29019661,2536273.29019661
5.57734728213409,0.01883103454044044,3.832688399484012,1.916344199742006,74028.50857509462,2283.0967195377225,13655.985861294099,6577.515387611645,9337254.395750826,9337254.395750826
2.9597244114795727,0.019901941675355354,2.367711804649895,1.1838559023249475,88509.71575101912,2128.547840938418,16134.57799664089,5498.180735093245,5230473.496937234,5230473.496937234
20.304410360173275,0.01142178764873652,2.379783858025106,1.189891929012553,13264.152508324143,2053.600576502252,3213.5727174554295,7644.305293713531,2180241.8960382557,2180241.8960382557
22.881903381159812,0.01433397177443675,1.3528089093638505,0.6764044546819252,24570.403236447466,4767.520067472687,6580.717143798711,17943.2820426505,4215397.302184951,4215397.302184951
14.038681898753962,0.003950374548504285,1.3536328565914373,0.6768164282957186,621.4722625053633,51.52830501949101,127.12259057471613,182.52683722154273,55477.656421193016,55477.656421193016
6.452957563550989,0.013652685592449325,2.0320442202765125,1.0160221101382563,28042.873046198416,955.1455241034034,5202.988450134765,2846.9367619273526,1641259.4933904023,1641259.4933904023
13.648533981608098,0.012305790124341782,1.4009477511429753,0.7004738755714877,18903.071584633068,1501.582111414517,3837.738007683968,5293.352247125037,1632042.0087197924,1632042.0087197924
27.512577216655654,0.005379548873676841,2.3411441558702055,1.1705720779351028,1132.6128452602786,318.05446320563874,382.00205140451334,1212.6538202267388,307422.61292843387,307422.61292843387
3.050299554746255,0.007503603569286835,1.5310512120934714,0.7655256060467357,4742.197757272964,114.82563715227852,864.7077805441219,297.65982327429055,215958.30258583714,215958.30258583714
10.683896532276595,0.01059240672599706,2.818544690475899,1.4092723452379494,12564.89894143972,710.3112880849417,2432.885528279775,2386.539382142815,1258403.8003300955,1258403.8003300955
18.618401432322692,0.00811261018980483,3.345560542995831,1.6727802714979154,4937.378716222483,653.4867239168025,1131.783559639262,2409.6657211326888,949635.861986274,949635.861986274
39.54980602906045,0.013012927708903006,3.5969564229697637,1.7984782114848819,9922.031430119681,6233.07891931937,8053.7366482375965,24089.23027126474,8440090.026577607,8440090.026577607
43.9376396585247,0.01901857720226336,3.5649661750522554,1.7824830875261277,24930.83427028031,20093.26232532107,29917.10840379973,77741.0813801964,28950651.419026025,28950651.419026025
32.626151765424545,0.005271744943052459,3.0432159975143676,1.5216079987571838,888.4512665412065,359.58850005384204,416.3705004731076,1382.2996025073817,402695.0091169913,402695.0091169913
32.63346209091514,0.004884956067657495,2.3181270965656555,1.1590635482828278,706.6905524892226,286.1651200869563,331.36177309333954,1100.0611326262465,271798.11621363665,271798.11621363665
3.51169567575813,0.016735629309560417,1.790386725373872,0.895193362686936,52522.76170534972,1319.9488915999455,9592.326926707705,3486.4141567572074,2515520.966780931,2515520.966780931
11.282504610224086,0.009760599953231598,2.3456684172926394,1.1728342086463197,9757.394698370132,591.9373077781743,1904.9878843081292,2011.9737129917814,848260.6560931077,848260.6560931077
30.90696808049039,0.0172592860561656,1.909103337525437,0.9545516687627185,33265.85601272516,11958.44518576158,13842.958704640067,45866.73254854378,10539322.644880904,10539322.644880904
23.4575801020552,0.0030877949588830047,1.5046277246126403,0.7523138623063201,241.81756251469267,49.24376176016552,66.41201638481705,185.71106675370808,43366.90901530803,43366.90901530803
35.892465039249785,0.011422521927129807,3.351796078041345,1.6758980390206726,7910.208588082049,3967.920041859278,4742.848023766588,15301.473197705098,4860959.070678856,4860959.070678856
7.205854864723379,0.006626998123981383,3.6200433900005415,1.8100216950002708,3188.3871440220805,118.6531821279371,594.9689629423808,363.2609743148673,384146.68578797457,384146.68578797457
37.68921059500748,0.00807054760943247,3.619845130654199,1.8099225653270996,2578.560871541031,1447.4768298302124,1788.4827968164316,5588.7871936609545,1929779.2147003012,1929779.2147003012
19.079166771048463,0.00882741490768132,1.7522824473829905,0.8761412236914953,6297.135504426111,870.614187063094,1464.3508699085548,3219.2802283510364,835579.8108146677,835579.8108146677
33.05897474611345,0.013716401136945184,3.897150064433518,1.948575032216759,15386.88057780846,6412.285102133646,7439.211823233229,24661.79967854354,8901198.050788242,8901198.050788242
9.578295616597659,0.0022912684490470955,3.7824816735120788,1.8912408367560394,128.8160211987899,6.380260506476456,24.602020315596867,20.918747110630573,18058.38904383903,18058.38904383903
44.97635828669224,0.011555129022939436,1.1587538179166323,0.5793769089583162,5296.5160806926315,4512.201869705109,6993.3996360314395,17458.51001467321,3639641.627123832,3639641.627123832
14.693100714480414,0.01353768742491794,1.339545832543679,0.6697729162718395,24742.431260715588,2201.97712197473,5128.85574716175,7858.659883662362,2322536.9884589133,2322536.9884589133
5.49366004176948,0.0157450877825455,2.1039208673467837,1.0519604336733919,43295.32974716258,1323.0256497611224,7982.6477709183655,3798.683232165672,2485435.4839470237,2485435.4839470237
5.921846395022465,0.010923430473526325,1.9610495665987866,0.9805247832993933,14416.93404198117,462.06503128509905,2665.2250359322747,1349.5781550120882,802239.7340542868,802239.7340542868
14.798727226442942,0.019697112303249248,3.666786563269408,1.833393281634704,76074.27638336591,6847.2479381699595,15804.688070792929,24465.147712404592,13016519.120346494,13016519.120346494
28.2195257086287,0.017823267309736872,1.5990991263746177,0.7995495631873089,40245.26599482005,11915.984066821527,14141.185167529145,45497.686734663104,10174453.563771687,10174453.563771687
8.90893802064771,0.002626866310186709,2.8475468511834516,1.4237734255917258,195.49159325080961,8.931035924235887,37.061707122600666,28.788920664827607,18067.01584845403,18067.01584845403
15.335591469549955,0.012437455201353517,3.5386495486043255,1.7693247743021627,18974.845064691704,1807.863616093116,3988.612806811257,6495.347191602286,3200041.705975845,3200041.705975845
9.819145885343673,0.010426291387799762,1.4745587359468733,0.7372793679734366,12105.176210472368,617.1922902359855,2318.4521547063177,2035.1224121268287,788907.8438196059,788907.8438196059
12.824532505825674,0.019695000521180693,3.748883625687327,1.8744418128436635,78471.77171515064,5685.39907774198,15696.937629371865,19818.692590170464,12508179.375225749,12508179.375225749
13.128507350348755,0.012856073548784213,1.665531725024961,0.8327658625124805,21727.174379868327,1628.920978243223,4369.310017632535,5702.719443515165,1816860.5086263444,1816860.5086263444
24.36673819157677,0.007358388315288151,3.719181019385833,1.8595905096929164,3190.360511482308,700.1846765481922,913.4824936521954,2648.3002197621645,981425.033571601,981425.033571601
20.07766296933539,0.019056453544140914,1.6887437195450603,0.8443718597725302,61931.84432336707,9392.561127033143,14886.428387060218,34922.520205813176,8789691.153322019,8789691.153322019
20.070594060184636,0.0162180325364453,1.1448937692901096,0.5724468846450548,38181.577892327085,5786.8659710262555,9175.386847548853,21515.385464554085,5479251.559596087,5479251.559596087
1.8763985411756912,0.017776847765903422,1.0136382433668016,0.5068191216834008,63265.058050622385,1421.1728535229342,11501.461441165538,3535.323407456629,3567863.5743042394,3567863.5743042394
6.677754360683681,0.013196116314805592,1.5805072344152964,0.7902536172076482,25279.909267577787,883.895949711425,4698.040512459475,2656.3893751426776,1352100.918699826,1352100.918699826
44.359919120789215,0.015518362830609795,3.686665025864218,1.843332512932109,13250.21820944217,10924.540647324173,16528.638350158955,42268.3331801413,16444587.834057095,16444587.834057095
9.975872719893088,0.012041790805723394,3.720456388294608,1.860228194147304,18615.899629167267,967.1669297388873,3572.1550278445757,3200.6011264582785,2586889.7775806594,2586889.7775806594
29.86612715928784,0.010518068266982074,1.525521925835732,0.762760962917866,7816.485725599479,2609.8905004757903,3038.883087040068,9994.362698670491,2196109.3246775214,2196109.3246775214
37.17901880086961,0.0068353490209473325,2.410614112360681,1.2053070561803405,1602.660557485816,871.7060229101177,1065.862935212436,3364.6360778158505,855558.3077832747,855558.3077832747
7.026099392252354,0.0074820385574571185,2.1828730721694973,1.0914365360847487,4595.304196155537,167.40019580138448,856.2747207216319,509.34771768218013,292798.9772178578,292798.9772178578
17.109487727590345,0.012546984773726167,1.9651648805565136,0.9825824402782568,18844.270101569902,2153.0092439002283,4137.3017288723595,7856.31050726598,2234026.8787242724,2234026.8787242724
10.031532868545627,0.010812722448643917,1.6003367776005228,0.8001683888002614,13469.121406210968,704.4555166816929,2586.3100254813,2334.1492433303847,893333.8417309502,893333.8417309502
31.61307743450961,0.01765569352207578,2.344774529282251,1.1723872646411255,34690.581803954985,13099.465860152268,15143.362375648558,50292.142264387374,12512089.38171141,12512089.38171141
41.02604082838782,0.013714675329866517,3.7675091496176965,1.8837545748088482,10821.965123048634,7412.002474527053,9991.23745319019,28661.041804908586,10740003.749538051,10740003.749538051
33.77840276137811,0.011459859840928474,2.075649641400621,1.0378248207003105,8720.561190917382,3812.9809604046222,4444.937099051622,14676.106900167515,3454548.1813581837,3454548.1813581837
7.297266725772671,0.01976102667096525,2.7182640910874007,1.3591320455437004,84473.49537552321,3178.025660832055,15774.965254956365,9759.703754801109,6845077.634300264,6845077.634300264
28.749266211214263,0.011326695745246302,3.6273332059143852,1.8136666029571926,10146.688405490195,3124.174980305409,3680.018195673074,11940.723690996896,4074268.347018258,4074268.347018258
18.18162910378648,0.011185436210369442,2.866217778390161,1.4331088891950805,13062.189909508987,1657.9113986060238,2955.2810369691706,6096.212394504161,2114815.8722056057,2114815.8722056057
25.494712179793822,0.01812852390076647,1.8094871101812573,0.9047435550906286,46158.920018123084,11090.329143170435,13966.972790469019,42081.84673110255,9882904.649440443,9882904.649440443
12.119123250060545,0.006322365228903864,1.5797260058859228,0.7898630029429614,2622.2191550755288,175.30746532061855,518.4550312868124,604.5390372280906,201867.28289848063,201867.28289848063
11.007356670493031,0.015417060887573553,1.7197376195100538,0.8598688097550269,38586.45614266772,2266.376927528049,7504.251306840496,7663.497155848917,2780367.923796265,2780367.923796265
12.053467263783356,0.017360222128544243,2.0907195685554347,1.0453597842777174,54336.46429396648,3605.300661760283,10732.062750912111,12419.441048485462,4588584.179219603,4588584.179219603
18.33438038385385,0.013214545852053549,2.795905681346974,1.397952840673487,21468.979521116627,2765.328784676555,4879.297594106055,10178.431951056325,3439861.242887467,3439861.242887467
24.349099061929074,0.016880077170878038,3.647059285480184,1.823529642740092,38533.06262069131,8444.671378813657,11023.826372249829,31938.465273401656,11613309.69498098,11613309.69498098
44.285500263311526,0.00781695391989825,2.3707142205818226,1.1853571102909113,1700.1233347659697,1396.1407031714598,2106.315688422192,5401.812059410082,1442546.2627827895,1442546.2627827895
27.80765711788445,0.011370036146107302,1.7580600317398671,0.8790300158699336,10591.322425237438,3040.973956194139,3633.1143521777585,11601.512990407471,2650734.609946144,2650734.609946144
42.52114028493689,0.01051107341301004,1.2511489457811313,0.6255744728905657,4524.052393623719,3373.025658619772,4772.995950318295,13047.790956287965,2735807.582554932,2735807.582554932
13.829686833127626,0.016268817670292146,1.1370956341399407,0.5685478170699704,43554.120040498914,3529.4849814820855,8872.948657698747,12470.481378348892,4030683.189935182,4030683.189935182
15.552761269199793,0.015897228383998666,2.563578706460309,1.2817893532301545,39470.17799084524,3847.1599897847277,8337.84460969446,13851.509386112815,4891455.085571616,4891455.085571616
27.870788128734667,0.011808137458898478,1.3769845099835523,0.6884922549917761,11838.825738920574,3415.275971613899,4075.9015982086635,13031.17616541588,2879055.984099804,2879055.984099804
42.01124912559137,0.018121005336243973,2.906808198347536,1.453404099173768,23780.26544925551,17229.34282632266,23965.235812103107,66640.73642715218,19989150.282719497,19989150.282719497
22.084958142299264,0.004093412292127023,2.7723413734186613,1.3861706867093306,584.3212376267373,105.91344702128542,151.40493481567276,397.4114220812845,120060.87780519576,120060.87780519576
37.377932779425244,0.00726015702526031,2.3901114896902262,1.1950557448451131,1903.518547409458,1048.2019152988091,1286.7830801107475,4046.3930016963577,1025100.8299813789,1025100.8299813789
42.43365226551266,0.01835364953928758,3.0904641872310004,1.5452320936155002,24191.549140141437,17948.61881925398,25322.32543558402,69429.0249958649,22028916.34773633,22028916.34773633
26.489439680682487,0.018543174984216593,3.8455922990874765,1.9227961495437382,47920.80167331745,12445.20917214708,15273.253532812816,47341.347992992465,17503385.58785423,17503385.58785423
24.943284050307202,0.0026995465657532677,2.0812986374173543,1.0406493187086772,154.92728853877196,35.62323027877317,45.607532951204455,134.9659718298711,33337.088470017145,33337.088470017145
37.74658948051724,0.017433540860608058,3.517145007440429,1.7585725037202145,25924.14314974411,14603.999113650949,18066.645783091913,56388.765018563456,18963407.52003709,18963407.52003709
27.388490940705168,0.011814035597387128,3.074019011469151,1.5370095057345754,12044.31704544265,3350.6423728390128,4033.778166539199,12771.697356239263,3836521.36486038,3836521.36486038
6.813616677093345,0.0021640218115400916,2.153369380033647,1.0766846900168234,111.36992573357902,3.9565603203841695,20.71822340565739,11.948923279495407,6940.182589138969,6940.182589138969
39.052790252767764,0.01836999618088772,3.8289514581600845,1.9144757290800423,28569.85904486147,17423.166424375773,22223.337352690625,67320.88943465338,24946098.2091497,24946098.2091497
11.099870397284876,0.006229622312112474,2.8794960326635497,1.4397480163317748,2542.7667190311063,150.98533397761483,495.153084694981,511.443478776412,266873.18283258606,266873.18283258606
2.8326311425489163,0.016107674056566483,3.737571726232085,1.8687858631160426,46944.54064962837,1118.4944609217512,8554.321514824669,2874.9905264159456,5392616.402147823,5392616.402147823
2.5401971231225784,0.009165496929407407,2.303600722019305,1.1518003610096526,8656.51432118817,202.13277208841035,1576.1212540338097,513.9434159633423,491708.71927651885,491708.71927651885
11.090929816614345,0.01952972384039544,3.681189815412777,1.8405949077063886,78353.6133566374,4647.618259682076,15255.890170282468,15740.538879532418,11242444.158506189,11242444.158506189
2.30915945136555,0.0025520608628035145,2.9160929225738546,1.4580464612869273,186.99286227149923,4.302976740213577,34.02670574019723,10.852456295809805,14344.68262090511,14344.68262090511
1.1084661428818288,0.012517713772345581,2.6376685163849443,1.3188342581924721,22117.762251524404,481.53084862872356,4016.232983337499,1175.6737249487614,1452290.5713565815,1452290.5713565815
31.157648271142516,0.015463164490817421,3.359801975125645,1.6799009875628226,23703.832713679436,8671.914181938613,10031.317081915062,33273.030690042055,10492258.955317948,10492258.955317948
0.6825458340068197,0.010455280666374439,1.006037786354933,0.5030188931774665,12893.230001957189,277.73133063478735,2340.290456750541,673.6513708013405,724730.5752182225,724730.5752182225
26.298302506104577,0.005857460314716145,1.8401156157967578,0.9200578078983789,1519.416246786128,388.79806772477326,479.34352086149767,1478.3014345511956,345933.69008277275,345933.69008277275
44.952067591151206,0.010065469949289946,1.6442401961232276,0.8221200980616138,3505.28439099713,2982.3969704266674,4617.918427184229,11539.422538689863,2601774.033518803,2601774.033518803
27.033587871595703,0.01343374320701233,1.6275568186226277,0.8137784093113138,17910.9740074023,4850.077742219776,5880.648222924696,18472.760291246777,4181958.554871706,4181958.554871706
43.913395042392985,0.01982909193069321,3.356212336566529,1.6781061682832645,28291.466715292292,22771.91523131741,33874.58529007118,88104.64893582721,30873814.318554822,30873814.318554822
16.41321897676116,0.01780280304704005,1.8771667603203366,0.9385833801601683,54560.74958185197,5811.473879580845,11765.605453021131,21087.0991342277,6036808.719473999,6036808.719473999
8.46267809031344,0.013836491986018346,3.4458686928914495,1.7229343464457247,28695.62943308743,1242.0720039813993,5415.505425157882,3954.786254401329,3356602.540158423,3356602.540158423
34.11846259491568,0.008606440808417014,3.467806831818165,1.7339034159090825,3643.4132652462545,1629.2489300875015,1904.8827535149526,6273.092643608459,2035560.7531400418,2035560.7531400418
25.70917792724761,0.006777741095560642,2.6587623906315536,1.3293811953157768,2396.7508466484487,585.6860479513169,733.1994858601205,2223.6195945036184,615385.6455779459,615385.6455779459
0.6401334695718208,0.005435293971875782,1.9961485290977414,0.9980742645488707,1811.497003603542,38.99052904940139,328.8010406329662,94.52714842515573,87675.91042951962,87675.91042951962
36.31035317014351,0.006661270515046661,1.1052133406789626,0.5526066703394813,1540.853086147619,793.6848886424652,955.1429229779236,3061.651239746377,642002.9801975138,642002.9801975138
15.219917130483235,0.011353700992198932,2.5861087126184246,1.2930543563092123,14463.731426908023,1361.372825380923,3032.5116926502737,4885.52888642973,1765033.688504327,1765033.688504327
3.889340807425379,0.006696718412965351,2.854994397674818,1.427497198837409,3359.8225875194717,87.28383678835552,614.5118377100607,234.23201219305736,257895.7382461363,257895.7382461363
15.92834824889762,0.010756821705497547,3.244826429609886,1.622413214804943,12144.96362184218,1230.8641784948811,2588.181477776798,4447.246801734479,1920818.63102885,1920818.63102885
25.899207234309742,0.012837306412762258,3.133512307228165,1.5667561536140826,16191.527562622594,4016.183324990975,5002.066470627755,15255.323902019769,4730203.965804267,4730203.965804267
39.76401206075775,0.015834006267502795,1.6827948187991573,0.8413974093995786,17695.184905951228,11258.254808759437,14631.091740856316,43514.154993313954,9642768.376763605,9642768.376763605
40.465106195754935,0.018034602713684886,3.9317128323659234,1.9658564161829617,25285.297462487495,16763.650966649147,22221.313865391305,64810.37957379457,25183666.382060964,25183666.382060964
23.581083366540472,0.011166974440092362,2.0641463819473533,1.0320731909736767,11399.181641790148,2345.2970106169664,3147.946116145188,8848.40169638797,2217584.838113387,2217584.838113387
44.15770094269408,0.01641822924078681,2.114062699053396,1.057031349526698,15857.35817816646,12932.987884931506,19416.748356954184,50038.68445622093,12488891.826526111,12488891.826526111
35.31536090486634,0.019885366365002446,3.8393699327343174,1.9196849663671587,42770.06405298072,20676.01977209813,24507.417174479066,79695.59782888032,28593977.23425043,28593977.23425043
4.560654603204374,0.005491728577059421,2.204669312117777,1.1023346560588885,1846.9464168887048,51.16349734376798,338.82272038512474,141.28544752687594,106367.68968975097,106367.68968975097
24.924205106233916,0.007381855291156172,2.008927339351124,1.004463669675562,3169.5260921112913,727.6705617719682,932.1744785968982,2756.7806586731726,672312.6379273171,672312.6379273171
18.68139400403713,0.004268336001024292,1.068664486723926,0.534332243361963,718.1235963619515,95.61903347338136,164.93164820639592,352.7237123422391,95510.04650346417,95510.04650346417
11.535472835454948,0.014201091738968054,2.3090440419175393,1.1545220209587697,29952.497309349666,1871.6127155958052,5869.377667855087,6390.700257355813,2614163.139735296,2614163.139735296
29.997052342230827,0.0035607649172538095,1.7574783707264534,0.8787391853632267,301.8691125833372,101.74222068160938,118.3482216215346,389.69553851952196,87860.98524250567,87860.98524250567
41.86569759414927,0.019058719377565446,2.1481359024597078,1.0740679512298539,27867.199929136244,20024.84122862855,27720.618681554675,77450.69604784112,19099973.93256542,19099973.93256542
17.257502244198875,0.013281107013325045,1.6268290873497073,0.8134145436748537,22283.70219950857,2583.7328261725206,4911.916224992715,9438.639658979218,2540104.623478228,2540104.623478228
19.59704147843296,0.009842262166327234,3.873439603746317,1.9367198018731584,8627.422095810762,1251.8487464161117,2040.2780313989917,4642.61474342463,2063164.3700467562,2063164.3700467562
0.23804263542046955,0.007658383300033418,1.7285828045290415,0.8642914022645207,5068.355367240221,108.55056867078696,919.780445909902,262.34899811729923,225462.71604930903,225462.71604930903
17.134103693444235,0.0023859512760157037,3.870813221316057,1.9354066106580285,129.5192677791261,14.834272181340346,28.454936131187843,54.14034581742462,26893.491058957134,26893.491058957134
22.143120875998456,0.015029930938517412,1.777189752970918,0.888594876485459,28881.16165761544,5261.316282552605,7501.08569083732,19746.240231663425,4829918.956582051,4829918.956582051
16.345553353784602,0.004892166918027418,3.9973958805517165,1.9986979402758582,1133.6384145400257,119.91848106575422,244.0491431980316,434.8767809978982,234896.28915006973,234896.28915006973
16.75269917535307,0.011641274573510265,2.454636791633921,1.2273183958169605,15156.32020934239,1670.825448596006,3296.6172856171756,6079.703340936011,1975454.6694085374,1975454.6694085374
19.29808684809745,0.010266393313426825,3.5335925130193018,1.7667962565096509,9857.800675090337,1391.148736098177,2308.510370287392,5150.595064236367,2092311.3771833808,2092311.3771833808
7.906827437930853,0.015812555203070986,2.3300932158536853,1.1650466079268427,43052.72687424145,1742.5428881181788,8082.381225874466,5457.471979643469,3044835.1389143504,3044835.1389143504
43.0217181008385,0.011899483889766862,2.6047311735518193,1.3023655867759096,6399.971315261578,4906.227223504325,7064.812361740852,18980.24863802211,5314144.516126772,5314144.516126772
2.0119977110092497,0.015293698967567158,1.1006348818479437,0.5503174409239718,40272.34757197731,911.0882352245135,7323.421434644627,2275.7289996778627,2093983.0338432386,2093983.0338432386
2.5917761360544684,0.002610897055532004,3.3326282935514224,1.6663141467757112,200.06854564659778,4.687697350187197,36.43216124167502,11.941280912294005,18941.147686226097,18941.147686226097
24.788179426269352,0.004102617664981028,2.739156563467338,1.369578281733669,546.2642126862373,124.04909665107903,159.59769373997318,469.7765786003022,134126.69658024164,134126.69658024164
26.46299272448538,0.00551764988840343,2.3356967285701877,1.1678483642850939,1263.5485457082755,327.4778826208699,402.1448729252083,1245.6414358536172,318315.4846506991,318315.4846506991
0.0426231067426186,0.011819293597428289,2.361529958363313,1.1807649791816566,18631.330806668397,398.724591656872,3381.028341134882,963.1835214384033,1059854.6638903841,1059854.6638903841
21.75569927168351,0.0159591948360865,1.005915049123817,0.5029575245619085,34920.672531116885,6151.403059400346,8930.431620381878,23050.436577279354,5844864.15603736,5844864.15603736
28.53020994196984,0.006900199553416183,1.0440665015626824,0.5220332507813412,2311.095074519037,700.2042325366186,827.2021851022572,2675.1180315580605,597020.9765360475,597020.9765360475
11.305207326424458,0.016215972280222035,3.4217386313437443,1.7108693156718722,44730.70194954223,2720.838921640327,8735.860975660542,9251.899180780074,5864587.725412855,5864587.725412855
15.014001517268484,0.007913653902543928,2.26870400661487,1.134352003307435,4915.372530513814,452.6785356443693,1025.9220440392226,1621.0969646629997,537900.4782764494,537900.4782764494
11.355394662875563,0.007319664079425244,1.7502115944665366,0.8751057972332683,4111.186571637505,251.54531205900406,803.4923142299789,856.1367858894523,305208.90052972775,305208.90052972775
35.305413488470066,0.006833601828330805,1.4627514776657846,0.7313757388328923,1736.480576643109,838.9166537125227,994.2392971069581,3233.572274997411,692886.2515876362,692886.2515876362
36.58251554667001,0.01252882317850803,1.7684316616826656,0.8842158308413328,10131.73762453463,5309.0850288317215,6419.358790811108,20483.890611378887,4574326.226399565,4574326.226399565
24.478480565003416,0.008077482448624222,1.5017934706849894,0.7508967353424947,4206.598945968689,931.6399021570817,1210.8548788132898,3524.920583407189,811638.4133509081,811638.4133509081
44.198432878802734,0.017018587637060455,2.9407860075468473,1.4703930037734236,17623.97731887827,14405.322471040523,21660.753303001566,55735.39680658649,17414605.704441193,17414605.704441193
38.68428798987524,0.007161540860434319,1.7890567755932998,0.8945283877966499,1721.921101357611,1027.069834459298,1298.1265501834825,3967.7503421054844,892925.4009989864,892925.4009989864
39.025440584468676,0.0027037837646397564,2.458871824766642,1.229435912383321,91.21143284335776,55.53358684368756,70.78444613681573,214.57189960935546,55759.60271502006,55759.60271502006
42.486745809231046,0.013542400021310089,1.184023695511448,0.592011847755724,9692.249938279741,7212.433706600597,10193.930964334075,27899.494549918716,5812306.123155281,5812306.123155281
26.584796698835707,0.015936194595831052,3.360894662863568,1.680447331431784,30327.22796729146,7934.295068792593,9715.65644850989,30188.718842305003,9832203.653768465,9832203.653768465
23.154557385218837,0.009514203616501803,3.0873223833327668,1.5436611916663834,7132.5591905817,1416.130036949739,1932.9186580684452,5335.013754727232,1711166.5106916337,1711166.5106916337
6.111129133630335,0.01856542132040468,3.850953118610218,1.925476559305109,70688.09018763981,2314.767895597625,13084.254160764624,6810.7923502222875,9106751.556354992,9106751.556354992
34.923068126064955,0.018304196020440255,1.2499010255420884,0.6249505127710442,33909.49203711413,15982.293929541705,18848.475673375917,61582.79492887085,13006060.426667567,13006060.426667567
25.818178075659368,0.015887271111390676,2.3198947622932407,1.1599473811466203,30766.861132606078,7583.118299532191,9465.018024872741,28798.229174202857,7383086.299053147,7383086.299053147
32.29322025755641,0.011055327568824314,3.7750342742618876,1.8875171371309438,8299.711783617047,3283.977419869856,3798.7914419933654,12618.944411915349,4412197.472544951,4412197.472544951
29.046319015917387,0.013943068759503017,1.7477941820777918,0.8738970910388959,18736.31726896229,5895.762669300377,6919.601437982676,22545.948305513128,5102452.953798342,5102452.953798342
2.1560976473895748,0.006807289428850938,2.478928094578645,1.2394640472893226,3550.12405387706,80.95974589327994,645.7808081882786,203.14957237367182,217945.06979573963,217945.06979573963
21.28217223104411,0.015591661278394797,3.7825065265207947,1.8912532632603973,32952.04087796856,5568.424850658879,8274.076510749053,20823.5134489115,8492368.710470272,8492368.710470272
39.24727257079729,0.004337730159189313,3.319318438548992,1.659659219274496,372.75962566013317,229.9872846324239,294.81284529537743,888.7218614909618,288070.27560670534,288070.27560670534
3.669666775639073,0.0026768838085436566,3.8042866094523298,1.9021433047261649,214.79760938227528,5.4719628365082,39.25221785438237,14.548881848115432,25742.401417535457,25742.401417535457
2.3821823723768327,0.016024600841090385,3.1790109413394,1.5895054706697,46283.79166612642,1069.8528358281883,8423.657651806185,2705.0363554835812,4053251.0903282985,4053251.0903282985
2.5260950538573717,0.017239748836400018,3.194574861051281,1.5972874305256406,57608.35404483523,1343.9308520362454,10488.562581989223,3415.3476506667744,5094026.933090162,5094026.933090162
29.172313321567312,0.00518711149548594,3.019780126696477,1.5098900633482386,960.5122401669839,305.03265011213165,357.4970121678512,1166.7328121023043,341186.99678675964,341186.99678675964
18.453540360794005,0.010561943066673836,1.767465123455434,0.883732561727717,10934.114508591023,1424.5699564316367,2493.902099854305,5247.485971490181,1386875.9631117731,1386875.9631117731
22.228550588085277,0.015541209497342506,3.3354947958446597,1.6677473979223298,31859.428284306065,5846.74290134408,8303.384908400027,21950.817762414583,7688023.539438701,7688023.539438701
42.179835889185576,0.01774515446812972,1.3837818120654743,0.6918909060327372,22144.074564719816,16197.122388670196,22656.19259924808,62650.59701071208,13341504.994776657,13341504.994776657
16.972961894983616,0.01732362430904537,3.330302319838131,1.6651511599190656,49733.044036454725,5605.172272813364,10879.578716839655,20431.560817590467,8609657.803618127,8609657.803618127
18.82454431832187,0.002280579811759694,3.534005310774597,1.7670026553872984,109.19632302783067,14.738547789609653,25.190335341051597,54.41600458296385,22522.095825268803,22522.095825268803
20.980757905344422,0.013834692497802873,3.5038713709493963,1.7519356854746981,23191.76515880312,3815.717752428939,5757.8019953053845,14249.764626000746,5416782.8685733285,5416782.8685733285
43.46040179353381,0.0029020685636466583,2.243286565009592,1.121643282504796,90.7808576681227,71.291248345753,104.2892311617185,275.81374642407417,70614.86007999354,70614.86007999354
30.11060043790357,0.014727827299780737,2.2641276502473593,1.1320638251236796,21274.037739916064,7228.609455288421,8401.710009065662,27692.180720332493,6807871.894849591,6807871.894849591
24.221158037960837,0.01426301286316463,2.9131799629436745,1.4565899814718373,23330.529783527847,5059.904025290986,6634.570512736748,19129.469479010946,5751683.481975663,5751683.481975663
6.332795564815975,0.013219336626754438,2.6850519551761316,1.3425259775880658,25478.727117176026,855.8285503127295,4723.235011529155,2539.470429386451,1952435.4499100419,1952435.4499100419
40.943375952032504,0.011022438275270559,1.8363179255763655,0.9181589627881828,5640.67046607679,3844.9270952418847,5169.83194913037,14867.343272964259,3405605.4659689455,3405605.4659689455
30.712294935532682,0.010603168271295827,3.5878461918388034,1.7939230959194017,7768.288665148078,2754.58701734309,3191.0369280200875,10562.254991259366,3530899.8241361254,3530899.8241361254
25.648053028573447,0.0071183061272056675,2.638711265115209,1.3193556325576046,2781.6250221508503,676.4702735703468,848.2757468491602,2567.881914940039,707861.3857823822,707861.3857823822
21.8037179843848,0.005174638270526249,1.0535112011588932,0.5267556005794466,1188.9408746012448,210.31406642254967,304.62988984632784,788.2427619153889,196718.256648458,196718.256648458
23.79968899141834,0.01748369804650153,1.977964173248714,0.988982086624357,43484.61773315245,9110.052181803638,12127.674426363501,34395.42955754846,8462757.957024213,8462757.957024213
22.828882702284048,0.015484555847401675,2.5775724207417645,1.2887862103708823,31018.701208292354,5991.772028841775,8289.010440501383,22546.58307701616,6391943.7609939175,6391943.7609939175
21.27350955654536,0.017549339922548472,3.5811285607941254,1.7905642803970627,46998.14490103164,7935.942486597507,11797.09550907496,29675.873063281215,11430254.716183245,11430254.716183245
7.312858408549603,0.018874633933078727,3.6058008344356236,1.8029004172178118,73598.86354702973,2774.0582736852557,13745.955039366427,8523.574645124256,8844161.823042601,8844161.823042601
29.475571895107738,0.005175246884945269,3.902273613413411,1.9511368067067054,943.9566649927926,306.44274466172004,358.03223719455355,1172.7387671425167,427071.65635764203,427071.65635764203
17.394704364429106,0.011944367732805232,3.150078629399891,1.5750393146999455,16165.17741222824,1899.949546931003,3576.5556851939036,6947.815570451086,2712576.647454855,2712576.647454855
37.38372596779296,0.013434359620144701,3.905310862747088,1.952655431373544,12057.51542164348,6642.039381401599,8154.794096101975,25640.479158920003,9514655.337024735,9514655.337024735
21.272816742279947,0.005478624455861007,3.2892878093829503,1.6446439046914751,1429.9485318048046,241.44133637575294,358.9247167243669,902.8493437862654,320162.0836196975,320162.0836196975
34.030877186681025,0.019585886194710946,2.3762484798369155,1.1881242399184577,43093.383470332905,19159.414199488176,22382.86463131902,73763.0648798113,18451778.270164352,18451778.270164352
18.425120257273406,0.01528837930069118,1.0163733030578859,0.5081866515289429,33181.81395618989,4311.394411871005,7561.792922729141,15878.381370945983,4424310.548491057,4424310.548491057
38.63280831486484,0.008266162626475355,1.9044972324751352,0.9522486162375676,2654.213288320945,1578.2342806861336,1992.2696768084984,6096.835336880006,1401553.3654971225,1401553.3654971225
14.997750886558189,0.009366264551319847,3.354228582631474,1.677114291315737,8151.6686126446,749.4293325500955,1700.7918705257123,2683.3439380899704,1266946.3382035927,1266946.3382035927
0.9530759492876972,0.010832304173532406,2.0035637348379014,1.0017818674189507,14335.334726707875,310.71095407270826,2602.640979539342,756.5384521875649,697440.2962045373,697440.2962045373
33.18128483461904,0.008812068291454828,2.3510145469510837,1.1755072734755418,4060.4210735627285,1706.0821994659373,1980.6534796221345,6562.522504076298,1632214.4845063114,1632214.4845063114
39.28546422490217,0.005671540357692101,3.2027870147854642,1.6013935073927321,831.7034319198674,514.3207944281787,659.9428752097357,1987.4841134271653,624913.7137374772,624913.7137374772
26.754054918293665,0.003907965950418683,2.4635243894563077,1.2317621947281538,444.8608204125193,117.91195415250428,143.8318388487937,448.81293135912085,117538.5127435586,117538.5127435586
36.028529935681554,0.017073538105499754,2.547588311708949,1.2737941558544745,26262.678274194237,13288.3862208112,15917.666201029757,51249.324960032216,13380401.022939213,13380401.022939213
36.93068103760222,0.00792405886975086,2.1387129394744426,1.0693564697372213,2524.459580318954,1352.0029523799328,1645.227863844403,5217.6457149537955,1249567.6342801126,1249567.6342801126
32.22810485765231,0.006023905664394078,1.1164649881352544,0.5582324940676272,1346.0666872960537,530.2401296653435,613.276547648825,2037.3268772255446,436398.9876009927,436398.9876009927
9.745076906086696,0.009431980511156325,3.8627806390199737,1.9313903195099869,8969.1273155658,453.2460696829216,1716.3107472029685,1491.9471929840422,1306127.0903465624,1306127.0903465624
11.090036456191811,0.003971140428236127,3.185607462445968,1.592803731222984,658.7511508038215,39.07033685469821,128.26095644339736,132.32104722015674,77928.14593522043,77928.14593522043
44.598387839684115,0.005395376937756439,2.823272670294837,1.4116363351474186,549.977275785458,459.25242970380293,701.2816037978786,1776.9183780824756,540262.1559309796,540262.1559309796
25.107539744680654,0.010454161424857866,2.9546646997155404,1.4773323498577702,8954.245412032955,2086.151233109395,2657.3651357331446,7907.471396663623,2369762.402810965,2369762.402810965
15.615655004952405,0.002432885952731354,2.3140459752242073,1.1570229876121036,141.31211230787216,13.864397136848195,29.894609901233018,49.948093808407876,16343.703573903007,16343.703573903007
22.01282505035768,0.013809251158444972,2.7831161039429184,1.3915580519714592,22475.589647459718,4048.570750622015,5806.830250595813,15186.755509762304,4608079.058785662,4608079.058785662
42.01165887758154,0.0071386428918437245,2.5797650539662813,1.2898825269831407,1453.8109807045473,1053.3434797483922,1465.1729432551358,4074.188580036426,1120116.8023724514,1120116.8023724514
44.17093098402126,0.015387800750059839,3.7385750836478846,1.8692875418239423,13046.177598017175,10647.810783674142,15993.97307398912,41197.200093822845,16208444.264655575,16208444.264655575
6.401857765355547,0.013124445600153889,1.1189251054956246,0.5594625527478123,24921.479992425146,843.8187672024187,4622.176181791397,2510.3282185863873,1477334.6942977447,1477334.6942977447
33.59107208841901,0.011084185594328853,3.773338894907351,1.8866694474536756,7950.227237620635,3433.179508131962,3996.4304186399786,13211.69384230654,4625805.950485145,4625805.950485145
9.662876078668473,0.006408926309693174,1.2811525842090914,0.6405762921045457,2816.395218769285,140.92363854143287,538.4192438613637,462.9776531484538,186866.86584404574,186866.86584404574
8.79961734449426,0.017215125081197387,3.428008200120174,1.714004100060087,55083.96094375527,2483.4565969081236,10431.02877594468,7981.8387277053425,6480749.197724982,6480749.197724982
9.145758756734987,0.0023445120524820213,3.5173489394684574,1.7586744697342287,138.6469392531285,6.518036219466852,26.35161665731769,21.14149767323493,17166.17328438323,17166.17328438323
26.470007657073758,0.011648860521471332,2.717914412389193,1.3589572061945965,11887.348627162755,3082.5537287554994,3784.766910795227,11725.435701462222,3262273.712619004,3262273.712619004
16.098813836762123,0.009884114030110462,1.1854578978833392,0.5927289489416696,9392.68945612098,968.7926951302676,2009.862917046587,3505.7173006981475,1005461.8979240073,1005461.8979240073
1.837507500703281,0.011099176232909028,3.580424121911526,1.790212060955763,15399.534415946597,345.2595890748106,2799.396493110723,857.8973520292375,1626907.9489004454,1626907.9489004454
21.166079253259717,0.004525900490884988,2.782587910411263,1.3912939552056316,808.2878912648521,135.19381845341195,202.06772432668325,505.30524645812443,156357.03410523044,156357.03410523044
3.976363958353269,0.005591436186394956,1.6208355690974297,0.8104177845487148,1954.9293251520648,51.19262988665267,357.68572941971547,137.8873819260769,92290.71922023161,92290.71922023161
31.01487047463023,0.017417015032602963,3.22599168771299,1.612995843856495,34051.080051668214,12333.654931777357,14272.431877664909,47313.14786641799,14438258.180890797,14438258.180890797
19.457134639195857,0.006868312984042055,2.1201086391601134,1.0600543195800567,2941.1930889834985,421.26499473548483,692.3514136758816,1561.0956446606406,428470.3781297572,428470.3781297572
10.593932826984929,0.0020284412840018214,3.905565511156628,1.952782755578314,88.33612175741982,4.940734598904723,17.083760103556937,16.569681614288164,13522.84101125386,13522.84101125386
29.038069845058658,0.018565141981638868,1.9315028952540085,0.9657514476270043,44241.20358015945,13913.014367685133,16330.657550951279,53203.88874869712,12373526.986334497,12373526.986334497
21.8112522957378,0.004915563846449681,1.4537377153238848,0.7268688576619424,1018.9599594879646,180.36404937405396,261.1552015020997,676.0132445893736,161816.01092001674,161816.01092001674
11.607985622214091,0.01109360373559774,1.2817275025990167,0.6408637512995083,14264.877977836211,898.9153242513412,2798.304601639007,3073.307848065276,1080576.59546056,1080576.59546056
2.7490161911350466,0.010680748618484778,3.772962122730974,1.886481061365487,13690.113615521237,324.244846713008,2494.033551844746,830.801572716994,1596372.0231666872,1596372.0231666872
4.450538940197081,0.010957859121896958,2.8547350891461263,1.4273675445730631,14680.799696063797,402.2545397135125,2691.775106837656,1105.6060492902245,1143493.189135087,1143493.189135087
27.07116496792467,0.007120454251239565,2.744391050377067,1.3721955251885336,2663.9818597199114,723.445483453306,876.4809359214632,2755.6577828218633,766852.5269398311,766852.5269398311
14.563069063497712,0.00415632931683145,2.1867998054417663,1.0933999027208832,717.6119526172854,62.97923917043189,148.35020378185044,224.44583631462575,74346.88734664702,74346.88734664702
41.560556660478575,0.015851395282603854,2.525252924104673,1.2626264620523364,16276.875916604553,11495.115963585384,15756.563104573006,44456.59003347068,11995403.87867654,11995403.87867654
40.102767606691415,0.009633620220980684,1.0270704507050448,0.5135352253525224,3921.5547812381137,2545.3463314624964,3339.1369443504836,9839.315249521615,2040555.7112875374,2040555.7112875374
40.044553695249846,0.008704271078845112,2.0727710025317707,1.0363855012658854,2900.6320132093033,1876.2685952863776,2457.374524149794,7252.758989576541,1736913.0294320607,1736913.0294320607
37.99443188552384,0.019477391999167253,2.3981822792880423,1.1990911396440211,35750.289727021685,20447.965986091593,25433.50249658132,78964.77849800097,20104236.334110428,20104236.334110428
42.14475880245565,0.008592221016199882,2.0015931913250364,1.0007965956625182,2518.229688828529,1838.3065918345578,2568.3706276928124,7110.530243842983,1699038.4391138619,1699038.4391138619
4.491932664243301,0.010287454389808407,1.142885132415087,0.5714425662075435,12145.202846326529,334.14551017399447,2227.302847714113,920.0290197313686,653600.5495061295,653600.5495061295
17.76642912726255,0.011964846371688547,1.1396151901959124,0.5698075950979562,16126.114832290117,1965.8877618979423,3605.036062693959,7208.209201559332,1968530.410815343,1968530.410815343
40.848007293709706,0.019071590157766126,2.8728387991716327,1.4364193995858163,29354.266157967304,19899.115705977154,26678.892818502234,76942.42421627627,22554452.36012731,22554452.36012731
34.98831540464654,0.01600516777907867,3.3282277598950936,1.6641138799475468,22608.395657646543,10700.999389027465,12630.195319919152,41235.343367110014,12960382.041090153,12960382.041090153
32.946158264954846,0.012856313639486836,3.8740115272484665,1.9370057636242333,12726.3077678727,5263.4113657666085,6102.840485602957,20240.635445754197,7261208.227176847,7261208.227176847
10.105565534245486,0.003917088063117439,2.9796318598835074,1.4898159299417537,639.8139022063809,33.761189519493726,122.96762175555928,112.0495932817595,66304.72506300853,66304.72506300853
27.79414906178009,0.007684661582344391,2.2927212343136016,1.1463606171568008,3271.3818102688474,938.3259654844251,1121.2989020781852,3579.6754630173828,896629.1677734895,896629.1677734895
23.911104514596797,0.014928929636902823,3.6232044337848732,1.8116022168924366,26988.012042080307,5706.182498923201,7565.23917797376,21551.717890040887,7855753.843289721,7855753.843289721
1.683245100513095,0.006262704638452559,2.476104440526767,1.2380522202633835,2767.294438540833,61.588884147333744,502.91066411931297,152.3762140157141,168471.34180408536,168471.34180408536
14.945869643547386,0.00860917910896523,2.1567160414147653,1.0783580207073826,6336.085008888192,579.309412305779,1320.4988601962366,2073.1016913877406,669372.6596280294,669372.6596280294
44.353466616293915,0.0034107606162205564,3.467423301542413,1.7337116507712065,140.72945564774633,115.988562861926,175.44515231584046,448.7732563880437,163762.65405561012,163762.65405561012
39.25954261127919,0.004810422054702583,1.9123058966511852,0.9561529483255926,508.0911516494632,313.714748383003,402.26788856355085,1212.2701285372098,279764.15754567453,279764.15754567453
32.731991152085094,0.018204699288211668,1.908811640905079,0.9544058204525395,36436.387050462465,14853.218620141877,17205.639903457333,57104.54898344525,13060039.20653547,13060039.20653547
4.761375944531016,0.018990827426426896,3.2905162922254694,1.6452581461127347,76294.95819986124,2156.913307150512,14010.298259124953,6007.18932343044,7385837.927285415,7385837.927285415
40.346652912006526,0.0056109149553569704,2.665290698693698,1.332645349346849,765.8112379155427,504.2177326261367,666.080896572878,1949.286356820172,538685.8827697517,538685.8827697517
6.143722080309941,0.00486370738143603,1.6349807502119431,0.8174903751059716,1270.67717878461,41.76505390260522,235.25192708872575,123.04033755938352,66319.95523097138,66319.95523097138
40.64689117209964,0.003943428402976197,1.1071392884176743,0.5535696442088371,262.03718070446246,175.57387993873112,233.98191038913768,678.8333376821164,140821.95919448225,140821.95919448225
1.627658835473944,0.014386431337228561,1.8665321818311245,0.9332660909155622,33548.591889513955,744.791465167502,6096.3329852436245,1839.9507102044827,1568009.6990728118,1568009.6990728118
42.928559328567815,0.009085133887818918,1.2969120062512765,0.6484560031256382,2861.8158731372814,2182.598698018855,3132.5409800555994,8443.488207250986,1780850.8750931735,1780850.8750931735
8.34180085127996,0.009126023906263936,1.419234632621605,0.7096173163108025,8243.022177570143,351.6173651667168,1553.8054823095777,1115.6715201045838,489060.12152400956,489060.12152400956
17.778032467095386,0.008394708296077866,2.4987468505790056,1.2493734252895028,5568.286588578983,679.5838001797417,1245.2146646103085,2491.994138810167,789321.8196912907,789321.8196912907
29.798064753218267,0.0034533571154215592,1.554135822947149,0.7770679114735745,277.31401227085234,92.14279305160133,107.3470559515195,352.8142643691824,77758.10566430641,77758.10566430641
5.987565563514259,0.0045714169397924245,1.800300271331906,0.900150135665953,1056.2202296378025,34.10460241964711,195.3445800098834,99.86743015506208,56323.53102509848,56323.53102509848
25.705454568857018,0.017385493211272286,2.279301464921988,1.139650732460994,40455.52472998851,9883.084133380096,12373.542855097494,37521.82037696624,9550766.485601122,9550766.485601122
11.22119189869373,0.013261520001885829,1.316988469507209,0.6584942347536045,24492.18631293054,1475.1854191438952,4777.550511385651,5008.409745127878,1791981.180793486,1791981.180793486
32.11285888280934,0.008909218093901008,3.2386547635408496,1.6193273817704248,4373.847843147557,1709.4078862335523,1976.6903315471338,6567.070485115499,2006979.0418454895,2006979.0418454895
2.3272647713063614,0.0027470595320592322,3.2304923293787358,1.6152461646893679,233.20368645014761,5.372275486648933,42.437435017070605,13.557685859976077,20931.524021909157,20931.524021909157
8.248980704948792,0.01783460772841839,1.894134208011053,0.9470671040055265,61576.404018002475,2597.3267338962287,11596.761039607269,8218.919809620127,3823071.499300815,3823071.499300815
12.333165586576131,0.004372409787050665,2.0105422989708046,1.0052711494854023,864.7468289984267,59.2489989061078,171.56280810871695,205.01373975772736,72876.50431480556,72876.50431480556
27.815609549086897,0.011383788835686108,2.37209896903122,1.18604948451561,10627.029010140235,3053.04607097831,3647.037796766194,11647.758280484411,2965109.458690607,2965109.458690607
21.622574368664715,0.013729453700848852,1.5270282861720785,0.7635141430860393,22308.520188780305,3884.310521231433,5675.394051753919,14547.080003615964,3504022.642384709,3504022.642384709
21.49500780461122,0.01843554688716812,1.0735997040460616,0.5367998520230308,54183.943803923044,9329.510294112979,13716.617400401803,34920.78417113471,8731113.065071024,8731113.065071024
0.25038335471555595,0.012740311886495641,3.691492572023386,1.845746286011693,23334.28248140296,499.80016465354674,4234.604984455002,1207.999891697214,2575943.100374847,2575943.100374847
29.727507516236894,0.011708810968365265,2.7750235923474245,1.3875117961737122,10835.90271202927,3582.2219590812265,4175.767967694066,13714.723061385177,3773624.612377319,3773624.612377319
17.711739422405632,0.018458848846083724,2.6918994078905785,1.3459497039452892,59280.198253563496,7188.117849786182,13231.788753694404,26346.11272399877,8836186.662752574,8836186.662752574
27.516863549088992,0.014543026166791782,1.7637774641879027,0.8818887320939514,22374.21951945029,6285.045616518693,7548.10576926516,23963.36020018445,5491337.074072256,5491337.074072256
31.919886688339318,0.003666452175292714,2.5423047767110143,1.2711523883555071,307.09293608519397,118.44070990169061,136.92848594996656,454.9053188824846,118002.08269069664,118002.08269069664
39.54968080597963,0.012684138549488189,1.8039976608793058,0.9019988304396529,9188.847417239136,5772.445444981532,7458.529022976978,22309.00039266134,5048401.118434983,5048401.118434983
37.34374747197323,0.01732529365412325,3.6946056017258644,1.8473028008629322,25907.31149285641,14236.084640384659,17464.2516149945,54954.63520126227,19288271.768899955,19288271.768899955
30.216150116954047,0.015935796490591014,1.4337374379784495,0.7168687189892248,26848.354659503508,9191.559422626438,10675.810946378171,35217.892302008535,7669115.9940708885,7669115.9940708885
38.95603143980449,0.007347520970340987,3.3222373013818345,1.6611186506909172,1836.3540668022392,1113.4042125985047,1416.6989316718136,4301.8527601105625,1391103.8668955492,1391103.8668955492
29.744182385730713,0.018581855767107996,2.845267107375818,1.422633553687909,43285.16931580752,14326.735782758928,16698.21196673728,54852.156358514854,15340918.722734174,15340918.722734174
36.94224716330558,0.019390432125449393,1.4396099821013357,0.7198049910506679,36971.45543073187,19814.787100382757,24117.536941910013,76469.76004863599,16317650.398698226,16317650.398698226
17.14094367741729,0.013840366572589009,3.598088048963164,1.799044024481582,25277.470484122623,2897.0857129651445,5554.388526419189,10573.98942936807,4814434.805265482,4814434.805265482
0.7121913246881306,0.014111518289070304,3.917767285791384,1.958883642895692,31700.46657607537,683.2512561419373,5754.172492769795,1657.8582680502425,3884024.1711667837,3884024.1711667837
25.968131985600163,0.00535791129865721,3.0885859879848905,1.5442929939924452,1174.7364245250283,292.9614929164901,364.21678778903635,1112.9977858735683,340914.16319073073,340914.16319073073
3.192161803454173,0.0043503888302522265,1.6968460070819549,0.8484230035409774,923.7092541158929,22.614087964081005,168.5099084540369,58.95488727059019,42914.93020316612,42914.93020316612
1.79132015265415,0.015005236550915943,1.3829330667058568,0.6914665333529284,38054.4379496245,851.2578112641382,6917.109862665986,2112.398780589537,1708579.1401438941,1708579.1401438941
18.825666230071736,0.004452663569118146,2.307430792219457,1.1537153961097284,812.6830520519682,109.70187142426965,187.48316991930008,405.0316450438104,118055.21531408862,118055.21531408862
39.43886548453856,0.012104167895177301,3.3492219493904667,1.6746109746952333,8026.8772669622485,5009.3778017969125,6453.56642370603,19359.008886397944,6338729.073888684,6338729.073888684
11.690442427687236,0.017852601176862777,1.5020005770829314,0.7510002885414657,59384.949131010464,3778.249240915342,11663.807665044435,12936.034055946911,4419107.495566419,4419107.495566419
0.1543605921148422,0.007797703230311167,2.75163835557581,1.375819177787905,5350.125665425412,114.5322930977602,970.8984440484694,276.7252690222071,370850.3421864592,370850.3421864592
1.463453286657781,0.014240737379375033,2.421854383348451,1.2109271916742255,32549.02164839906,717.6088720482218,5913.152415602533,1765.4821135905213,1923758.4654943976,1923758.4654943976
18.986609062415983,0.009397080607514518,1.4254074036236388,0.7127037018118194,7612.1690805815215,1043.293575231596,1764.9732723622546,3855.687717812266,980719.9584795655,980719.9584795655
11.964964276392196,0.007185188855958397,2.68000273833664,1.34000136916832,3857.1764642438393,253.33094259419306,760.7812852754059,871.3980578850994,394528.805419582,394528.805419582
6.41532688608525,0.003182001505530636,3.9000383674785635,1.9500191837392817,355.1315971737623,12.04320168779344,65.87238760174762,35.84608302055614,47088.18124970883,47088.18124970883
40.800305236187185,0.01323129644899219,3.8550188424916483,1.9275094212458241,9824.780913821676,6641.800304849612,8891.934938021308,25680.956378317176,9822747.05037469,9822747.05037469
31.533264773932768,0.0073537567776072515,2.220076883197946,1.110038441598973,2514.1085221154854,944.1180027361049,1091.4809401883613,3624.321188171502,879391.20354976,879391.20354976
15.537667963528147,0.0034523237620136746,1.5486793314016107,0.7743396657008054,404.3494491373542,39.34985796320036,85.38690170575077,141.65666467534456,40217.04959267687,40217.04959267687
12.923486493947136,0.0077656634937523766,1.601571213383309,0.8007856066916546,4803.368531705943,351.91728450779084,962.4765342921241,1228.492153738833,393174.2795411988,393174.2795411988
26.27872743126435,0.009837773982770049,2.890330798610198,1.445165399305099,7202.81114182604,1840.302101601539,2269.9715689638124,6996.926968462207,2032896.8955635887,2032896.8955635887
16.85638135767673,0.006831893456275157,2.350945305961202,1.175472652980601,3057.3235707780173,340.571785467076,666.7805060521687,1240.284348358169,390074.6567909752,390074.6567909752
28.453445388129804,0.008964631780475579,2.962429435322674,1.481214717661337,5081.031387622199,1530.7221241569537,1810.3051932892815,5847.247451798959,1694280.2747243112,1694280.2747243112
25.360512091100976,0.012066616259685694,2.7657081062670152,1.3828540531335076,13666.728811954086,3248.872832446542,4107.414565640717,12323.284338550526,3513412.5115907746,3513412.5115907746
34.304515453989985,0.017053621371112458,3.801285343346578,1.900642671673289,28131.6833063589,12734.651746742082,14915.789704939154,49041.04326200151,17335370.768852673,17335370.768852673
9.549768739257892,0.006168598539229423,2.290615835466367,1.1453079177331835,2514.4151847120575,124.11188217824832,480.05972040746985,406.6413866250566,192372.09051320085,192372.09051320085
9.138049252254138,0.0057656332951123105,2.260304692731408,1.130152346365704,2062.191158846481,96.85696860977237,391.9128680130671,314.0968805532153,152229.4140442929,152229.4140442929
43.63990892240444,0.017820560328455123,3.2524028263792517,1.6262014131896259,20827.32887116556,16516.960955163042,24321.53470449794,63902.58116202838,21629805.18228104,21629805.18228104
11.952933623211564,0.016312012823345733,1.559399834660896,0.779699917330448,45138.722781585406,2960.4988180320015,8901.399513879678,10181.379407011915,3428886.2617364293,3428886.2617364293
29.832205392568092,0.009541531407365588,2.2749614238222584,1.1374807119111292,5842.225940021817,1945.9527593894172,2266.4233790752805,7451.4571426216025,1837970.170374623,1837970.170374623
12.825095319288774,0.009947313480231014,1.4962939656035963,0.7481469828017981,10110.189194393635,732.5451280510279,2022.3902296575072,2553.594717521564,818114.9366873355,818114.9366873355
1.2868884055757719,0.008859565443335576,1.483582680128906,0.741791340064453,7839.669942375644,171.69126419594832,1423.8710824607556,420.702486810686,344330.6248851116,344330.6248851116
41.06793517118643,0.017987824016497275,1.9369051533140256,0.9684525766570128,24366.78507364466,16729.248170648738,22579.70137504673,64690.18654208403,15136985.468770495,15136985.468770495
25.400681808379503,0.01468548442221146,1.5328908521179534,0.7664454260589767,24606.6875957793,5868.21423447126,7410.293724710802,22261.11161804734,5079501.278046191,5079501.278046191
42.13046571351075,0.016135095190816854,3.731831547734542,1.865915773867271,16687.96887055004,12172.405088487349,16998.436695655957,47082.45294871841,17789084.228035178,17789084.228035178
29.754194657491247,0.006474360080237953,3.606355187102252,1.803177593551126,1830.2453942633706,606.219687901887,706.5067159866476,2321.0453530618133,782700.2752580666,782700.2752580666
20.20186035706278,0.002239230786341113,2.789504518584689,1.3947522592923445,100.18948180574571,15.36775966853126,24.18637205056922,57.175248210587995,18180.379872403344,18180.379872403344
41.36388453339219,0.004818236672753564,3.8817038003081947,1.9408519001540974,461.56831856186625,322.32729438167206,439.0723074688628,1246.5124160101363,484681.03273498366,484681.03273498366
26.715040803166637,0.007539821243160735,1.3788729901500107,0.6894364950750054,3198.8076324809217,845.3169886640654,1032.0377802055682,3217.2733089384183,718679.7647624866,718679.7647624866
29.244145525207205,0.0020527529508982535,1.4320525837631581,0.7160262918815791,59.38255076124935,18.957055987612737,22.20037201099183,72.51876822376384,15889.00903825876,15889.00903825876
32.91158400269135,0.006677757069393005,1.4348511670592932,0.7174255835296466,1785.8001439495292,736.8613368121393,854.2368945507201,2833.5152763787964,609305.3308640805,609305.3308640805
21.62294885956632,0.006965206585618025,2.077394311149578,1.038697155574789,2912.7881586395642,507.1848894985717,741.0380309185518,1899.454442977988,492893.4135509841,492893.4135509841
41.0579797985623,0.010783855279496483,3.465927713485731,1.7329638567428656,5252.854782844311,3604.329189960038,4863.326585415397,13937.507447084245,4809159.330993305,4809159.330993305
41.983557752009936,0.006519326170446547,1.6719577850905811,0.8359788925452906,1108.859548731834,802.1378747756866,1114.7172758834504,3102.539591365777,691947.2818252841,691947.2818252841
1.7086358435013542,0.009194102749211047,2.1043525548797164,1.0521762774398582,8755.407302903315,195.08814281089425,1591.2230547585816,482.99802761796013,447911.45564677904,447911.45564677904
34.84575387755763,0.01580290950959068,1.1306850098996986,0.5653425049498493,21891.52830782089,10266.313067809204,12096.145077995632,39555.31926031972,8343436.428645176,8343436.428645176
3.9831696289114564,0.015393706729144613,1.5235024070567218,0.7617512035283609,40792.203992217364,1068.8730873461964,7463.802313491946,2879.8435528438,1916908.9171081518,1916908.9171081518
3.4813539185793014,0.013332442641792678,2.177709132788221,1.0888545663941105,26558.46980820333,665.732284994783,4849.882439955879,1756.2039271862973,1458989.767060179,1458989.767060179
13.63980194416822,0.006506378291798206,1.2629772939784525,0.6314886469892262,2794.3530300292946,221.75793388543116,567.2217223955026,781.6502173293082,245821.11416965438,245821.11416965438
7.546786185996729,0.019434295847360658,1.776356872608453,0.8881784363042265,80182.63880145876,3107.937314603502,15005.116666359954,9623.38815522289,4637455.5078861015,4637455.5078861015
38.397927721118414,0.009912258362624368,2.1282431218314253,1.0641215609157126,4626.206867872085,2711.9355237336576,3404.3400007975565,10475.123640293481,2517357.718608904,2517357.718608904
24.84613202298454,0.006155282117635022,2.7892335380514357,1.3946167690257179,1841.7518914854272,420.19170226656456,539.6082120631132,1591.5410176039813,459581.628560123,459581.628560123
9.724296124480217,0.01126644424100045,2.1441474564497462,1.0720737282248731,15289.828575742627,770.72844503878,2925.1089718656654,2535.76285838821,1123480.3652724416,1123480.3652724416
12.795107634725403,0.005451108648538229,1.4281426480941888,0.7140713240470944,1664.5158147601242,120.19644242435855,332.7898892973773,418.8129816252821,134641.25344082116,134641.25344082116
28.508268429271027,0.014038752234996238,3.527253247465835,1.7636266237329175,19477.773556708657,5891.729787395824,6962.456098735782,22508.318762674582,7501127.790825797,7501127.790825797
6.68393490792957,0.008047048218887222,3.49125571157742,1.74562785578871,5732.267650037057,200.57017390951884,1065.3385676461562,602.9122920913451,642248.5656609066,642248.5656609066
12.029039508609982,0.006093111690350021,1.4584294080096365,0.7292147040048182,2350.116954875825,155.49535578279077,463.9964469386702,535.4320478569084,179411.08712402757,179411.08712402757
3.488583644293084,0.0033438701487222677,2.540508835498631,1.2702544177493156,418.995761664958,10.50922702739569,76.51547008757252,27.731681789017724,27268.0845958659,27268.0845958659
21.206630560383434,0.003214677680461431,3.5098875505252423,1.7549437752626211,289.3536586430046,48.57121874473074,72.44756737617145,181.57448648572552,68670.03402207588,68670.03402207588
19.674308549279118,0.00396095227299084,1.2789234786861938,0.6394617393430969,561.3454382410753,82.0361956265569,133.09324478288505,304.3684235597911,76684.2411467417,76684.2411467417
23.452475821177977,0.014995272556565234,2.917386652248798,1.458693326124399,27699.145459039693,5638.259827114226,7605.480488121162,21262.980191994757,6486866.287885279,6486866.287885279
35.233690173845524,0.010519325143605521,3.1454281437198883,1.5727140718599442,6353.219956702314,3055.1721129278253,3617.3491117337685,11775.329529587245,3538957.5501630367,3538957.5501630367
10.903059291525384,0.016516549475266804,2.19533916683511,1.097669583417555,47506.8782857474,2756.1943104514844,9225.814772620577,9300.907336105727,3830873.310456167,3830873.310456167
11.521897412024973,0.018943102565267336,3.4441345650820576,1.7220672825410288,71104.82631420452,4436.032424424643,13930.636186961534,15143.37224104441,9501900.12248514,9501900.12248514
23.797616597204218,0.013015535581808558,2.3746404625776742,1.1873202312888371,17941.01298333104,3758.00931753224,5003.200229430783,14188.444883606218,3776666.186545324,3776666.186545324
24.774831694515925,0.00687819049643166,2.1338997011990988,1.0669498505995494,2575.1980796446455,584.1637040446192,751.8882926778233,2212.1548826792723,552943.8120463227,552943.8120463227
2.53056248979464,0.006996046010698808,1.4394892714230152,0.7197446357115076,3849.8610116433306,89.83875529137178,700.939666530688,228.34500769666818,173840.0630229147,173840.0630229147
21.26432893094368,0.005302482347291768,2.077235831174306,1.038617915587153,1296.6859219168455,218.7763586321136,325.3702966370299,818.0648175643278,213746.73533749138,213746.73533749138
15.408413951513669,0.009129820382927166,1.9223965748923721,0.9611982874461861,7495.663799436768,719.646024888829,1578.2162461231878,2587.423087316892,775739.704952241,775739.704952241
2.9163475606656615,0.012507604151710188,1.1531195525039268,0.5765597762519634,21973.032411070057,526.7281656059929,4004.9684032852056,1358.2797709036968,1118696.5698109404,1118696.5698109404
16.451461363052967,0.013253428911616906,2.6865992782457795,1.3432996391228897,22494.94226133199,2405.3622272613247,4855.502730756362,8730.749264263548,3075227.837661872,3075227.837661872
9.084523815966836,0.009057780507298795,3.944535829576055,1.9722679147880275,8000.099117442402,373.3260630184454,1519.5132887379443,1208.9813145244764,1174064.5445249598,1174064.5445249598
4.344465090927087,0.006477787906024978,2.5665070720043612,1.2832535360021806,3034.4747325486223,82.28448911253153,556.1059150111781,225.1395479550221,204847.70453321273,204847.70453321273
0.9035503306149645,0.013230581263295748,3.8276116305855448,1.9138058152927724,26121.90193217148,565.4533433651869,4742.319024219792,1375.7122360694807,3075156.2016744446,3075156.2016744446
43.39282220530418,0.00729455470891,1.159493055590419,0.5797465277952095,1446.674050602034,1131.8952860584448,1651.7405934749777,4379.075528191449,911035.0506537778,911035.0506537778
16.993056783502,0.0036409915023921362,1.8374561792128556,0.9187280896064278,461.5476254289962,52.12351660479777,101.02142937968907,190.0266766148932,52985.218815547305,52985.218815547305
0.022590707861659398,0.018497483334175016,1.7110119113488058,0.8555059556744029,71417.98146180734,1528.370732115876,12960.215273835944,3691.9830347663983,3164650.855069723,3164650.855069723
5.713459648443324,0.01394905574064214,2.9758313729827437,1.4879156864913718,30062.87157722567,941.2611680957189,5550.309254922984,2726.6057702053977,2579318.773100554,2579318.773100554
44.38727669390056,0.019955753272732996,3.5906127449610867,1.7953063724805434,28136.537793028903,23231.994607657467,35186.60769274013,89887.43719526856,34024058.481609344,34024058.481609344
35.93128652146318,0.019313222097663243,1.8885805288070756,0.9442902644035378,38171.94431602994,19195.19509955041,22957.874101896432,74024.58042198674,16860268.98172715,16860268.98172715
27.18848505185944,0.0029934037958865983,3.6728024338646907,1.8364012169323454,197.18594367237972,54.029478916197746,65.30183137405862,205.85566932769476,72126.55551138656,72126.55551138656
13.16871308311623,0.011012471398639567,1.0056688030448595,0.5028344015224298,13647.99547086898,1027.828400726527,2746.563678929216,3600.3371341801603,1292103.4400555997,1292103.4400555997
3.4891100025473114,0.0027137218866691844,3.479034353651236,1.739517176825618,223.9528124672412,5.617420600112123,40.897520322553824,14.823537355547728,23057.06819908073,23057.06819908073
1.6922715796236583,0.010345977676834525,1.7448499489582254,0.8724249744791127,12476.037201032923,277.7814618932002,2267.3519557358422,687.4232453927215,564782.3408127645,564782.3408127645
20.447011781266408,0.00860230207935691,1.611359527274005,0.8056797636370026,5647.476752557268,885.7280106992478,1375.1619847958436,3299.360666632013,817776.8717957063,817776.8717957063
34.019164764370544,0.011188987854022087,2.261280788114448,1.130640394057224,8038.210610649834,3571.045577763127,4171.414175932579,13748.238910605978,3357130.536869746,3357130.536869746
14.984430707926036,0.00608158243716902,1.8046424731277018,0.9023212365638509,2232.01407250118,204.911652953438,465.56051885474886,733.5876080240374,218936.80804120607,218936.80804120607
21.06256495566733,0.01382977009109156,1.3853933546091273,0.6926966773045636,23120.69587039971,3831.804984011156,5757.663966152862,14315.194562446457,3474948.9841018533,3474948.9841018533
0.8478940404218982,0.0144371273410744,2.8231675713356474,1.4115837856678237,33941.76880190863,733.7286427067738,6161.674652647285,1783.613571533052,2446505.0961342906,2446505.0961342906
5.3644745090703,0.016839165248912026,2.5122970118980343,1.2561485059490172,53004.73341017027,1597.0565246996885,9765.42190213404,4561.353773910427,3611219.4708034457,3611219.4708034457
12.754313958811904,0.015938856850169367,3.067703026047022,1.533851513023511,41635.59286069626,2992.712099374451,8318.483400513413,10421.610790585964,5147184.27290154,5147184.27290154
31.19995257439712,0.0031959860618700335,3.8210357071400303,1.9105178535700151,208.9577840968223,76.67205739291192,88.68269190355844,294.19826662169527,104193.18420101331,104193.18420101331
29.084380751343623,0.015350111890088133,2.0304300137157387,1.0152150068578694,24967.544722076153,7878.388206285116,9242.498739164093,30129.727874795994,7123305.369344434,7123305.369344434
0.36065919607605024,0.012134244662242244,3.4462296025004155,1.7231148012502078,20159.31926762752,432.2053092131267,3658.55242434146,1045.2484543774408,1981564.2734166349,1981564.2734166349
6.406514328541032,0.005707100878800319,1.2048371410845098,0.6024185705422549,2049.098354756334,69.41802671618251,380.0579139716965,206.5518743449651,115605.83389095882,115605.83389095882
20.558631509272807,0.016201991427578083,3.5322251086781673,1.7661125543390837,37632.23018128129,5961.847238164553,9200.081470575375,22220.148566575663,8630233.857129809,8630233.857129809
29.264274450613378,0.006587494850663545,3.3830354044562343,1.6915177022281171,1961.1339592494792,626.9810175316882,734.093195282959,2398.5517597016546,766716.9495882014,766716.9495882014
39.32035606473877,0.011833278291986172,3.4573778113120395,1.7286889056560197,7541.733691051182,4673.488507665543,6002.159774102656,18059.994179184774,6078273.372981618,6078273.372981618
0.029805495803152948,0.017425631162189335,2.535778798420206,1.267889399210103,59708.353554210684,1277.7872579053958,10835.27214641764,3086.6756437773647,3705468.5438835504,3705468.5438835504
13.144930535870007,0.018419625210535882,2.082609626304266,1.041304813152133,63887.06686742956,4798.533606652423,12851.372379120136,16803.08316015929,5814341.550984585,5814341.550984585
24.99618555215457,0.01725726442001324,1.1546280311389734,0.5773140155694867,40410.89367215851,9331.378825009971,11927.098276477003,35359.15824477973,8144877.930013077,8144877.930013077
19.391941480615777,0.019108646489069167,1.8522349692160431,0.9261174846080216,63430.95673245946,9030.205937337261,14899.712526128245,33451.284575157944,8743360.879525943,8743360.879525943
44.3928693435183,0.01935126396556909,3.5090805930756916,1.7545402965378458,25648.838528853375,21184.26714325888,32092.079292431794,81964.54957058639,30298904.483581286,30298904.483581286
43.377070295364405,0.009070380746940257,2.5921470889023035,1.2960735444511517,2783.5623527404946,2176.014204606632,3173.57746786848,8418.545668232156,2359406.5178769426,2359406.5178769426
10.671342652169093,0.010289490783728377,3.5733799341665122,1.7866899670832561,11519.22769383368,650.2292812706462,2230.0441696603975,2184.116686069214,1556025.215433797,1556025.215433797
30.713625749247033,0.006024284862324304,1.540159671257766,0.770079835628883,1424.6685963631655,505.22602435746535,585.2731683396012,1937.254661075313,424329.36090061115,424329.36090061115
13.150214664122196,0.006401830031964663,2.583287816353605,1.2916439081768025,2681.9355910941813,201.55838942086777,539.542669445596,705.8508424524797,285388.5769197165,285388.5769197165
35.37088034789385,0.0071734231533034706,1.8821282492315636,0.9410641246157818,2003.1006505091423,971.8098524311636,1152.765880484013,3746.009763632772,851813.4832150005,851813.4832150005
10.735375065330432,0.011792011865896752,2.8797359662223334,1.4398679831111667,17324.655159695274,985.3807413217476,3356.8046624640933,3314.1724734710997,1782613.4900419828,1782613.4900419828
26.18261826875764,0.004743398746055947,1.181618089063274,0.590809044531637,809.781283578953,205.3566530832386,253.90763193957022,780.5932235688948,176372.91212297074,176372.91212297074
27.53225955269072,0.017960237441781934,1.0231689984719066,0.5115844992359533,42121.402999631544,11845.898704246032,14222.416180855389,45167.01822812492,10244031.02363187,10244031.02363187
11.710334236757896,0.016794870028988107,3.0326224223298097,1.5163112111649049,49429.46824313321,3152.124647992627,9711.364311267434,10796.005073859526,5691854.993506801,5691854.993506801
5.291581574425917,0.01826311400769636,1.5175733299956373,0.7587866649978187,67650.29744375093,2022.3173031743331,12458.44793774935,5758.651671354807,3361425.244376537,3361425.244376537
44.41731782457184,0.0020916121372218243,3.446519517699985,1.7232597588499925,32.34667379469332,26.751184511003117,40.56360648343048,103.50375522016148,37586.42185059454,37586.42185059454
8.923402569313183,0.0030225769668321017,1.491314091900443,0.7456570459502215,297.77090650557756,13.627484267555339,56.46062945109183,43.9447150995487,18258.45226049414,18258.45226049414
13.900381514176935,0.01788442804040618,1.3258938877909294,0.6629469438954647,57795.89314340387,4720.072733673627,11790.368978034912,16691.664265364023,5124702.988924524,5124702.988924524
33.2651793183857,0.002355391010793279,3.757893315999264,1.878946657999632,77.2834675442359,32.65554902417663,37.92991873091283,125.62259263613348,43778.067754523305,43778.067754523305
31.83903129627481,0.016286056041345504,3.6802613305557994,1.8401306652778997,26996.586367800992,10354.373471498055,11969.999255918478,39764.79286690637,13576101.297532573,13576101.297532573
16.645295865124947,0.0030116539247226955,3.6783186785627575,1.8391593392813788,262.9704297782918,28.677202404997075,57.040730137930744,104.25771657088504,49963.25458445188,49963.25458445188
1.9179079445976095,0.008774482961158153,1.7065962717714291,0.8532981358857146,7607.208665399112,171.2488771074244,1383.0875443792384,426.52492382146323,343017.8198068508,343017.8198068508
42.34574976866272,0.0026326500445552955,2.4048324907714447,1.2024162453857223,71.71192132733773,52.94438095148006,74.47239865952652,204.79639070779007,54012.971020274315,54012.971020274315
6.389013476931835,0.007266111631194747,3.828270432562879,1.9141352162814396,4229.3907846700195,142.99065985843876,784.3521110324629,425.18742704754317,543637.8973589051,543637.8973589051
22.170972492904585,0.017288769648574228,1.0362484670920473,0.5181242335460237,43926.17197733885,8021.322165474377,11421.505066767626,30108.14246405248,7486945.9021713585,7486945.9021713585
33.7119286527583,0.004319327031296973,2.7244444375096952,1.3622222187548476,468.18158202760935,203.80715642423422,237.4608498804028,784.3971166390477,212032.8272177124,212032.8272177124
29.52491357884785,0.009874995137804326,3.297661787911783,1.6488308939558916,6546.688654553205,2132.885707900808,2490.7896874317303,8163.110960573988,2550562.7102834,2550562.7102834
13.64150485438224,0.013134039617154035,3.391285726179378,1.695642863089689,22985.11664464997,1824.4261580367054,4665.865391479567,6430.859557202801,3356933.8115571304,3356933.8115571304
44.77994581525034,0.0116562579371046,2.393343165237239,1.1966715826186194,5493.209543389904,4631.464438556605,7122.713097909025,17919.92564382749,4844048.368455452,4844048.368455452
24.775267191676654,0.003268536637219162,2.8700045726342296,1.4350022863171148,276.33927817979145,62.68762051580707,80.68531000886811,237.3904779364333,69998.58752628433,69998.58752628433
41.266150587750744,0.004948713294128779,2.1787119260376904,1.0893559630188452,502.4935105311634,348.94616565464247,473.87821464489787,1349.41612484329,333624.7991721222,333624.7991721222
26.44330037475084,0.002414983319057408,3.1493520525354066,1.5746760262677033,106.0078529586474,27.432567488599318,33.7031052954372,104.34150890788669,32261.78845801976,32261.78845801976
12.809076688712182,0.003237612930459755,3.6653812585598464,1.8326906292799232,348.6735633795038,25.21786271985495,69.7276816393564,87.88706846318881,53877.356023127206,53877.356023127206
13.943480427352632,0.01702943891225317,2.7238161843276845,1.3619080921638422,49862.40075837645,4091.4368692429293,10180.439657173882,14476.244688123821,5856191.341353029,5856191.341353029
7.86916077411394,0.014780665481440358,1.0344803230741326,0.5172401615370663,35174.16575420632,1417.2172906456444,6601.072435108895,4433.409744461313,2388470.5863754624,2388470.5863754624
31.10625109803996,0.002796644968002155,2.1261609553756724,1.0630804776878362,140.4946329070924,51.21496645750793,59.25081828290554,196.49115561472306,46873.53408451621,46873.53408451621
10.253373853622838,0.013679887227282273,2.6334391207293826,1.3167195603646913,27205.918640158314,1461.1728060158853,5238.442785671782,4865.214608699253,2472722.783118041,2472722.783118041
20.247241721287725,0.007437080192861847,3.3154694142398164,1.6577347071199082,3666.6523186990726,564.7431790679639,886.5578839722352,2101.591131733522,774359.6348405669,774359.6348405669
28.791086992059423,0.009666599684393509,1.445696590616151,0.7228482953080755,6298.2293533845495,1945.193772752737,2290.052381899267,7435.179875196456,1635624.6412003273,1635624.6412003273
